Workbook

Sheet Instrucciones
A1: VeriTech · Cómo usar este libro de resultados
A3: Este libro calcula solo los resultados de la prueba. Tú únicamente pegas los datos; no hace falta escribir fórmulas ni tocar las demás hojas.
A5: Paso 1 · Descargar los 3 archivos de Netlify
A6: 1 | B6: Entra a Netlify, abre el sitio de VeriTech y ve a Forms (Formularios).
A7: 2 | B7: Haz clic en el formulario «calibracion» y luego en el botón Download CSV. Se descarga un archivo .csv.
A8: 3 | B8: Repite con «opinion-docentes» y con «opinion-sobre-la-web» (este es el de los estudiantes).
A10: Paso 2 · Abrir cada CSV respetando las tildes (UTF-8)
A11: 1 | B11: En Excel, crea un libro NUEVO y en blanco (Archivo → Nuevo). No lo hagas dentro de este libro.
A12: 2 | B12: En ese libro nuevo ve a la pestaña Datos → Desde texto/CSV y elige el archivo descargado.
A13: 3 | B13: En «Origen del archivo» elige «65001: Unicode (UTF-8)». Revisa que palabras como «Comunicación» se vean bien, con su tilde. Luego pulsa Cargar.
A14: · | B14: En Mac, si no ves «Desde texto/CSV», usa Archivo → Importar → Archivo CSV y elige «Unicode (UTF-8)» como origen del archivo.
A16: Paso 3 · Pegar los datos aquí
A17: 1 | B17: En el libro nuevo, haz clic en cualquier celda de la tabla y pulsa Ctrl+A (en Mac, Cmd+A) dos veces para seleccionar todo, incluida la fila de títulos. Copia con Ctrl+C (Cmd+C).
A18: 2 | B18: Vuelve a este libro y abre la hoja que corresponde: • calibracion → hoja «Pegar calibracion» • opinion-docentes → hoja «Pegar docentes» • opinion-sobre-la-web → hoja «Pegar estudiantes»
A19: 3 | B19: Haz clic en la celda A1 (arriba a la izquierda) y pega con Ctrl+V (Cmd+V). La fila 1 tiene que ser la de los títulos (docente, area, url…).
A20: 4 | B20: Abre la hoja «Resumen»: todos los números y gráficos ya están actualizados.
A22: Para actualizar con datos nuevos
A23: 1 | B23: Descarga el CSV otra vez: Netlify siempre entrega todas las respuestas, no solo las nuevas.
A24: 2 | B24: En la hoja «Pegar …», haz clic en el cuadrito de la esquina (arriba a la izquierda, sobre la fila 1) y pulsa Suprimir para borrar lo anterior. Después pega en A1 como en el paso 3.
A26: Qué hay en cada hoja
A27: · | B27: Resumen: los 4 criterios para pedir el piloto (✓ se cumple, ✕ no se cumple, «sin datos» falta el CSV), la calibración, la opinión de docentes y de estudiantes, con gráficos.
A28: · | B28: Pegar calibracion / Pegar docentes / Pegar estudiantes: el único lugar donde se pega. Las columnas pueden venir en cualquier orden y con columnas de más: el libro las busca por su nombre.
A29: · | B29: Calibracion / Docentes / Estudiantes: los datos ordenados y las columnas calculadas (en gris). La fila 2 dice en qué columna encontró cada dato o «no está en el CSV». Se llenan solas: no se escriben.
A31: Si algo no se ve bien
A32: · | B32: Letras raras en lugar de tildes (por ejemplo «ComunicaciÃ³n»): repite el paso 2 eligiendo UTF-8.
A33: · | B33: Todo sale «sin datos»: revisa que pegaste en A1 de la hoja correcta y que la fila 1 tiene los títulos.
A34: · | B34: Una columna dice «no está en el CSV»: descargaste otro formulario o la columna cambió de nombre en la web.
A35: · | B35: Las hojas que no son «Pegar …» están protegidas para no borrar fórmulas por error (Revisar → Desproteger hoja, sin contraseña).

Sheet Resumen
A1: VeriTech · Resultados de la prueba del colegio
A2: Esta hoja se calcula sola con lo que pegues en las hojas «Pegar …». No escribas aquí.
A4: ¿Pedimos el piloto? Los 4 criterios
A5: Criterio | B5: Valor | C5: Meta | D5: ¿Se cumple? | E5: Detalle
A6: 1. El semáforo coincide con los docentes en al menos el 70 % de las fuentes | B6: =IF(COUNT(Calibracion!$Q$3:$Q$1002)=0,"",ROUND(COUNTIF(Calibracion!$R$3:$R$1002,"Sí")/COUNT(Calibracion!$Q$3:$Q$1002)*100,0)/100) | C6: ≥ 70 % | D6: =IF(B6="","sin datos",IF(ROUND(B6*100,0)>=70,"✓","✕")) | E6: =IF(B6="","Falta pegar el CSV de calibración",ROUND(B6*100,0)&" % en "&COUNT(Calibracion!$Q$3:$Q$1002)&" fuentes")
A7: 2. Utilidad del semáforo según los docentes: promedio de 4 o más (de 5) | B7: =IF(COUNT(Docentes!$R$3:$R$1002)=0,"",ROUND(AVERAGE(Docentes!$R$3:$R$1002),1)) | C7: ≥ 4 de 5 | D7: =IF(B7="","sin datos",IF(B7>=4,"✓","✕")) | E7: =IF(COUNT(Docentes!$Q$3:$Q$1002)=0,"Falta pegar el CSV de opinión docente",IF(B7="","sin respuestas",B7&" de 5"))
A8: 3. Más de la mitad de los docentes lo usaría en clase («Sí, en la próxima tarea» o «Sí, con cambios») | B8: =IF(COUNT(Docentes!$X$3:$X$1002)=0,"",SUM(Docentes!$X$3:$X$1002)/COUNT(Docentes!$X$3:$X$1002)) | C8: más de 50 % | D8: =IF(B8="","sin datos",IF(B8>0.5,"✓","✕")) | E8: =IF(COUNT(Docentes!$Q$3:$Q$1002)=0,"Falta pegar el CSV de opinión docente",IF(B8="","sin respuestas",ROUND(B8*100,0)&" % de "&COUNT(Docentes!$Q$3:$Q$1002)&" docentes"))
A9: 4. Más de la mitad de los estudiantes lo usaría en su próxima tarea («Sí» o «Tal vez») | B9: =IF(COUNT(Estudiantes!$S$3:$S$1002)=0,"",SUM(Estudiantes!$S$3:$S$1002)/COUNT(Estudiantes!$S$3:$S$1002)) | C9: más de 50 % | D9: =IF(B9="","sin datos",IF(B9>0.5,"✓","✕")) | E9: =IF(COUNT(Estudiantes!$L$3:$L$1002)=0,"Falta pegar el CSV de estudiantes",IF(B9="","sin respuestas",ROUND(B9*100,0)&" % de "&COUNT(Estudiantes!$L$3:$L$1002)&" estudiantes"))
A10: Criterios cumplidos | B10: =COUNTIF(D6:D9,"✓")&" de 4"
A11: =IF(AND(COUNT(Calibracion!$Q$3:$Q$1002)>0,B6<>""),IF(ROUND(B6*100,0)<50,"⚠ La coincidencia es menor al 50 %: según el plan, no se propone el piloto hasta corregir el motor y repetir la calibración.",""),"")
A13: Calibración: docentes vs VeriTech
A14: Fuentes calificadas | B14: =COUNT(Calibracion!$Q$3:$Q$1002)
A15: Fuentes en las que coinciden | B15: =COUNTIF(Calibracion!$R$3:$R$1002,"Sí")
A16: Coincidencia | B16: =B6
A17: Docentes que calificaron | B17: =SUM(Calibracion!$Y$3:$Y$1002)
A18: Desacuerdos graves (uno dice «confiable» y el otro «no confiable») | B18: =SUM(Calibracion!$T$3:$T$1002)
A19: Desacuerdos en que VeriTech fue más estricto | B19: =COUNTIF(Calibracion!$S$3:$S$1002,"Más estricto")
A20: Desacuerdos en que VeriTech fue más permisivo | B20: =COUNTIF(Calibracion!$S$3:$S$1002,"Más permisivo")
A22: Matriz: juicio del docente (filas) vs nivel de VeriTech (columnas)
A23: Docente ↓ / VeriTech → | B23: Confiable | C23: Dudosa | D23: No confiable
A24: Confiable | B24: =COUNTIFS(Calibracion!$O$3:$O$1002,2,Calibracion!$P$3:$P$1002,2) | C24: =COUNTIFS(Calibracion!$O$3:$O$1002,2,Calibracion!$P$3:$P$1002,1) | D24: =COUNTIFS(Calibracion!$O$3:$O$1002,2,Calibracion!$P$3:$P$1002,0)
A25: Dudosa | B25: =COUNTIFS(Calibracion!$O$3:$O$1002,1,Calibracion!$P$3:$P$1002,2) | C25: =COUNTIFS(Calibracion!$O$3:$O$1002,1,Calibracion!$P$3:$P$1002,1) | D25: =COUNTIFS(Calibracion!$O$3:$O$1002,1,Calibracion!$P$3:$P$1002,0)
A26: No confiable | B26: =COUNTIFS(Calibracion!$O$3:$O$1002,0,Calibracion!$P$3:$P$1002,2) | C26: =COUNTIFS(Calibracion!$O$3:$O$1002,0,Calibracion!$P$3:$P$1002,1) | D26: =COUNTIFS(Calibracion!$O$3:$O$1002,0,Calibracion!$P$3:$P$1002,0)
A27: En verde: coinciden. Las esquinas «Confiable / No confiable» son los desacuerdos graves.
A29: Señal (en los desacuerdos) | B29: Más estricto: salió «bad» | C29: % | D29: Más permisivo: salió «ok» | E29: %
A30: Autoría | B30: =COUNTIFS(Calibracion!$S$3:$S$1002,"Más estricto",Calibracion!$U$3:$U$1002,"*|Autoría:bad:*") | C30: =IF($B$19=0,"",ROUND(B30/$B$19*100,0)/100) | D30: =COUNTIFS(Calibracion!$S$3:$S$1002,"Más permisivo",Calibracion!$U$3:$U$1002,"*|Autoría:ok:*") | E30: =IF($B$20=0,"",ROUND(D30/$B$20*100,0)/100)
A31: Fecha | B31: =COUNTIFS(Calibracion!$S$3:$S$1002,"Más estricto",Calibracion!$U$3:$U$1002,"*|Fecha:bad:*") | C31: =IF($B$19=0,"",ROUND(B31/$B$19*100,0)/100) | D31: =COUNTIFS(Calibracion!$S$3:$S$1002,"Más permisivo",Calibracion!$U$3:$U$1002,"*|Fecha:ok:*") | E31: =IF($B$20=0,"",ROUND(D31/$B$20*100,0)/100)
A32: Referencias | B32: =COUNTIFS(Calibracion!$S$3:$S$1002,"Más estricto",Calibracion!$U$3:$U$1002,"*|Referencias:bad:*") | C32: =IF($B$19=0,"",ROUND(B32/$B$19*100,0)/100) | D32: =COUNTIFS(Calibracion!$S$3:$S$1002,"Más permisivo",Calibracion!$U$3:$U$1002,"*|Referencias:ok:*") | E32: =IF($B$20=0,"",ROUND(D32/$B$20*100,0)/100)
A33: Dominio | B33: =COUNTIFS(Calibracion!$S$3:$S$1002,"Más estricto",Calibracion!$U$3:$U$1002,"*|Dominio:bad:*") | C33: =IF($B$19=0,"",ROUND(B33/$B$19*100,0)/100) | D33: =COUNTIFS(Calibracion!$S$3:$S$1002,"Más permisivo",Calibracion!$U$3:$U$1002,"*|Dominio:ok:*") | E33: =IF($B$20=0,"",ROUND(D33/$B$20*100,0)/100)
A34: Escritura de relleno | B34: =COUNTIFS(Calibracion!$S$3:$S$1002,"Más estricto",Calibracion!$U$3:$U$1002,"*|Escritura de relleno:bad:*") | C34: =IF($B$19=0,"",ROUND(B34/$B$19*100,0)/100) | D34: =COUNTIFS(Calibracion!$S$3:$S$1002,"Más permisivo",Calibracion!$U$3:$U$1002,"*|Escritura de relleno:ok:*") | E34: =IF($B$20=0,"",ROUND(D34/$B$20*100,0)/100)
A35: Sensacionalismo | B35: =COUNTIFS(Calibracion!$S$3:$S$1002,"Más estricto",Calibracion!$U$3:$U$1002,"*|Sensacionalismo:bad:*") | C35: =IF($B$19=0,"",ROUND(B35/$B$19*100,0)/100) | D35: =COUNTIFS(Calibracion!$S$3:$S$1002,"Más permisivo",Calibracion!$U$3:$U$1002,"*|Sensacionalismo:ok:*") | E35: =IF($B$20=0,"",ROUND(D35/$B$20*100,0)/100)
A36: Certezas sin respaldo | B36: =COUNTIFS(Calibracion!$S$3:$S$1002,"Más estricto",Calibracion!$U$3:$U$1002,"*|Certezas sin respaldo:bad:*") | C36: =IF($B$19=0,"",ROUND(B36/$B$19*100,0)/100) | D36: =COUNTIFS(Calibracion!$S$3:$S$1002,"Más permisivo",Calibracion!$U$3:$U$1002,"*|Certezas sin respaldo:ok:*") | E36: =IF($B$20=0,"",ROUND(D36/$B$20*100,0)/100)
A37: Precisión | B37: =COUNTIFS(Calibracion!$S$3:$S$1002,"Más estricto",Calibracion!$U$3:$U$1002,"*|Precisión:bad:*") | C37: =IF($B$19=0,"",ROUND(B37/$B$19*100,0)/100) | D37: =COUNTIFS(Calibracion!$S$3:$S$1002,"Más permisivo",Calibracion!$U$3:$U$1002,"*|Precisión:ok:*") | E37: =IF($B$20=0,"",ROUND(D37/$B$20*100,0)/100)
A38: Profundidad | B38: =COUNTIFS(Calibracion!$S$3:$S$1002,"Más estricto",Calibracion!$U$3:$U$1002,"*|Profundidad:bad:*") | C38: =IF($B$19=0,"",ROUND(B38/$B$19*100,0)/100) | D38: =COUNTIFS(Calibracion!$S$3:$S$1002,"Más permisivo",Calibracion!$U$3:$U$1002,"*|Profundidad:ok:*") | E38: =IF($B$20=0,"",ROUND(D38/$B$20*100,0)/100)
A39: Cuántas veces cada señal salió mal cuando VeriTech fue más estricto que el docente, y bien cuando fue más permisivo. El % es sobre esos desacuerdos.
A44: Desacuerdos graves (los primeros 10)
A45: URL | B45: Docente dijo | C45: VeriTech dijo | D45: Puntaje | E45: Motivo del docente
A46: =IFERROR(INDEX(Calibracion!$C$3:$C$1002,MATCH(1,Calibracion!$Z$3:$Z$1002,0)),"") | B46: =IFERROR(IFERROR(VLOOKUP(INDEX(Calibracion!$D$3:$D$1002,MATCH(1,Calibracion!$Z$3:$Z$1002,0)),$A$400:$B$435,2,FALSE),INDEX(Calibracion!$D$3:$D$1002,MATCH(1,Calibracion!$Z$3:$Z$1002,0))),"") | C46: =IFERROR(IFERROR(VLOOKUP(INDEX(Calibracion!$F$3:$F$1002,MATCH(1,Calibracion!$Z$3:$Z$1002,0)),$A$400:$B$435,2,FALSE),INDEX(Calibracion!$F$3:$F$1002,MATCH(1,Calibracion!$Z$3:$Z$1002,0))),"") | D46: =IFERROR(INDEX(Calibracion!$E$3:$E$1002,MATCH(1,Calibracion!$Z$3:$Z$1002,0)),"") | E46: =IFERROR(INDEX(Calibracion!$K$3:$K$1002,MATCH(1,Calibracion!$Z$3:$Z$1002,0)),"")
A47: =IFERROR(INDEX(Calibracion!$C$3:$C$1002,MATCH(2,Calibracion!$Z$3:$Z$1002,0)),"") | B47: =IFERROR(IFERROR(VLOOKUP(INDEX(Calibracion!$D$3:$D$1002,MATCH(2,Calibracion!$Z$3:$Z$1002,0)),$A$400:$B$435,2,FALSE),INDEX(Calibracion!$D$3:$D$1002,MATCH(2,Calibracion!$Z$3:$Z$1002,0))),"") | C47: =IFERROR(IFERROR(VLOOKUP(INDEX(Calibracion!$F$3:$F$1002,MATCH(2,Calibracion!$Z$3:$Z$1002,0)),$A$400:$B$435,2,FALSE),INDEX(Calibracion!$F$3:$F$1002,MATCH(2,Calibracion!$Z$3:$Z$1002,0))),"") | D47: =IFERROR(INDEX(Calibracion!$E$3:$E$1002,MATCH(2,Calibracion!$Z$3:$Z$1002,0)),"") | E47: =IFERROR(INDEX(Calibracion!$K$3:$K$1002,MATCH(2,Calibracion!$Z$3:$Z$1002,0)),"")
A48: =IFERROR(INDEX(Calibracion!$C$3:$C$1002,MATCH(3,Calibracion!$Z$3:$Z$1002,0)),"") | B48: =IFERROR(IFERROR(VLOOKUP(INDEX(Calibracion!$D$3:$D$1002,MATCH(3,Calibracion!$Z$3:$Z$1002,0)),$A$400:$B$435,2,FALSE),INDEX(Calibracion!$D$3:$D$1002,MATCH(3,Calibracion!$Z$3:$Z$1002,0))),"") | C48: =IFERROR(IFERROR(VLOOKUP(INDEX(Calibracion!$F$3:$F$1002,MATCH(3,Calibracion!$Z$3:$Z$1002,0)),$A$400:$B$435,2,FALSE),INDEX(Calibracion!$F$3:$F$1002,MATCH(3,Calibracion!$Z$3:$Z$1002,0))),"") | D48: =IFERROR(INDEX(Calibracion!$E$3:$E$1002,MATCH(3,Calibracion!$Z$3:$Z$1002,0)),"") | E48: =IFERROR(INDEX(Calibracion!$K$3:$K$1002,MATCH(3,Calibracion!$Z$3:$Z$1002,0)),"")
A49: =IFERROR(INDEX(Calibracion!$C$3:$C$1002,MATCH(4,Calibracion!$Z$3:$Z$1002,0)),"") | B49: =IFERROR(IFERROR(VLOOKUP(INDEX(Calibracion!$D$3:$D$1002,MATCH(4,Calibracion!$Z$3:$Z$1002,0)),$A$400:$B$435,2,FALSE),INDEX(Calibracion!$D$3:$D$1002,MATCH(4,Calibracion!$Z$3:$Z$1002,0))),"") | C49: =IFERROR(IFERROR(VLOOKUP(INDEX(Calibracion!$F$3:$F$1002,MATCH(4,Calibracion!$Z$3:$Z$1002,0)),$A$400:$B$435,2,FALSE),INDEX(Calibracion!$F$3:$F$1002,MATCH(4,Calibracion!$Z$3:$Z$1002,0))),"") | D49: =IFERROR(INDEX(Calibracion!$E$3:$E$1002,MATCH(4,Calibracion!$Z$3:$Z$1002,0)),"") | E49: =IFERROR(INDEX(Calibracion!$K$3:$K$1002,MATCH(4,Calibracion!$Z$3:$Z$1002,0)),"")
A50: =IFERROR(INDEX(Calibracion!$C$3:$C$1002,MATCH(5,Calibracion!$Z$3:$Z$1002,0)),"") | B50: =IFERROR(IFERROR(VLOOKUP(INDEX(Calibracion!$D$3:$D$1002,MATCH(5,Calibracion!$Z$3:$Z$1002,0)),$A$400:$B$435,2,FALSE),INDEX(Calibracion!$D$3:$D$1002,MATCH(5,Calibracion!$Z$3:$Z$1002,0))),"") | C50: =IFERROR(IFERROR(VLOOKUP(INDEX(Calibracion!$F$3:$F$1002,MATCH(5,Calibracion!$Z$3:$Z$1002,0)),$A$400:$B$435,2,FALSE),INDEX(Calibracion!$F$3:$F$1002,MATCH(5,Calibracion!$Z$3:$Z$1002,0))),"") | D50: =IFERROR(INDEX(Calibracion!$E$3:$E$1002,MATCH(5,Calibracion!$Z$3:$Z$1002,0)),"") | E50: =IFERROR(INDEX(Calibracion!$K$3:$K$1002,MATCH(5,Calibracion!$Z$3:$Z$1002,0)),"")
A51: =IFERROR(INDEX(Calibracion!$C$3:$C$1002,MATCH(6,Calibracion!$Z$3:$Z$1002,0)),"") | B51: =IFERROR(IFERROR(VLOOKUP(INDEX(Calibracion!$D$3:$D$1002,MATCH(6,Calibracion!$Z$3:$Z$1002,0)),$A$400:$B$435,2,FALSE),INDEX(Calibracion!$D$3:$D$1002,MATCH(6,Calibracion!$Z$3:$Z$1002,0))),"") | C51: =IFERROR(IFERROR(VLOOKUP(INDEX(Calibracion!$F$3:$F$1002,MATCH(6,Calibracion!$Z$3:$Z$1002,0)),$A$400:$B$435,2,FALSE),INDEX(Calibracion!$F$3:$F$1002,MATCH(6,Calibracion!$Z$3:$Z$1002,0))),"") | D51: =IFERROR(INDEX(Calibracion!$E$3:$E$1002,MATCH(6,Calibracion!$Z$3:$Z$1002,0)),"") | E51: =IFERROR(INDEX(Calibracion!$K$3:$K$1002,MATCH(6,Calibracion!$Z$3:$Z$1002,0)),"")
A52: =IFERROR(INDEX(Calibracion!$C$3:$C$1002,MATCH(7,Calibracion!$Z$3:$Z$1002,0)),"") | B52: =IFERROR(IFERROR(VLOOKUP(INDEX(Calibracion!$D$3:$D$1002,MATCH(7,Calibracion!$Z$3:$Z$1002,0)),$A$400:$B$435,2,FALSE),INDEX(Calibracion!$D$3:$D$1002,MATCH(7,Calibracion!$Z$3:$Z$1002,0))),"") | C52: =IFERROR(IFERROR(VLOOKUP(INDEX(Calibracion!$F$3:$F$1002,MATCH(7,Calibracion!$Z$3:$Z$1002,0)),$A$400:$B$435,2,FALSE),INDEX(Calibracion!$F$3:$F$1002,MATCH(7,Calibracion!$Z$3:$Z$1002,0))),"") | D52: =IFERROR(INDEX(Calibracion!$E$3:$E$1002,MATCH(7,Calibracion!$Z$3:$Z$1002,0)),"") | E52: =IFERROR(INDEX(Calibracion!$K$3:$K$1002,MATCH(7,Calibracion!$Z$3:$Z$1002,0)),"")
A53: =IFERROR(INDEX(Calibracion!$C$3:$C$1002,MATCH(8,Calibracion!$Z$3:$Z$1002,0)),"") | B53: =IFERROR(IFERROR(VLOOKUP(INDEX(Calibracion!$D$3:$D$1002,MATCH(8,Calibracion!$Z$3:$Z$1002,0)),$A$400:$B$435,2,FALSE),INDEX(Calibracion!$D$3:$D$1002,MATCH(8,Calibracion!$Z$3:$Z$1002,0))),"") | C53: =IFERROR(IFERROR(VLOOKUP(INDEX(Calibracion!$F$3:$F$1002,MATCH(8,Calibracion!$Z$3:$Z$1002,0)),$A$400:$B$435,2,FALSE),INDEX(Calibracion!$F$3:$F$1002,MATCH(8,Calibracion!$Z$3:$Z$1002,0))),"") | D53: =IFERROR(INDEX(Calibracion!$E$3:$E$1002,MATCH(8,Calibracion!$Z$3:$Z$1002,0)),"") | E53: =IFERROR(INDEX(Calibracion!$K$3:$K$1002,MATCH(8,Calibracion!$Z$3:$Z$1002,0)),"")
A54: =IFERROR(INDEX(Calibracion!$C$3:$C$1002,MATCH(9,Calibracion!$Z$3:$Z$1002,0)),"") | B54: =IFERROR(IFERROR(VLOOKUP(INDEX(Calibracion!$D$3:$D$1002,MATCH(9,Calibracion!$Z$3:$Z$1002,0)),$A$400:$B$435,2,FALSE),INDEX(Calibracion!$D$3:$D$1002,MATCH(9,Calibracion!$Z$3:$Z$1002,0))),"") | C54: =IFERROR(IFERROR(VLOOKUP(INDEX(Calibracion!$F$3:$F$1002,MATCH(9,Calibracion!$Z$3:$Z$1002,0)),$A$400:$B$435,2,FALSE),INDEX(Calibracion!$F$3:$F$1002,MATCH(9,Calibracion!$Z$3:$Z$1002,0))),"") | D54: =IFERROR(INDEX(Calibracion!$E$3:$E$1002,MATCH(9,Calibracion!$Z$3:$Z$1002,0)),"") | E54: =IFERROR(INDEX(Calibracion!$K$3:$K$1002,MATCH(9,Calibracion!$Z$3:$Z$1002,0)),"")
A55: =IFERROR(INDEX(Calibracion!$C$3:$C$1002,MATCH(10,Calibracion!$Z$3:$Z$1002,0)),"") | B55: =IFERROR(IFERROR(VLOOKUP(INDEX(Calibracion!$D$3:$D$1002,MATCH(10,Calibracion!$Z$3:$Z$1002,0)),$A$400:$B$435,2,FALSE),INDEX(Calibracion!$D$3:$D$1002,MATCH(10,Calibracion!$Z$3:$Z$1002,0))),"") | C55: =IFERROR(IFERROR(VLOOKUP(INDEX(Calibracion!$F$3:$F$1002,MATCH(10,Calibracion!$Z$3:$Z$1002,0)),$A$400:$B$435,2,FALSE),INDEX(Calibracion!$F$3:$F$1002,MATCH(10,Calibracion!$Z$3:$Z$1002,0))),"") | D55: =IFERROR(INDEX(Calibracion!$E$3:$E$1002,MATCH(10,Calibracion!$Z$3:$Z$1002,0)),"") | E55: =IFERROR(INDEX(Calibracion!$K$3:$K$1002,MATCH(10,Calibracion!$Z$3:$Z$1002,0)),"")
A57: Coincidencia por área | B57: Fuentes | C57: Coincidencia
A58: =IFERROR(INDEX(Calibracion!$B$3:$B$1002,MATCH(LARGE(Calibracion!$W$3:$W$1002,1),Calibracion!$W$3:$W$1002,0)),"") | B58: =IF(A58="","",ROUNDUP(LARGE(Calibracion!$W$3:$W$1002,1)/10000,0)) | C58: =IF(A58="","",ROUND(SUMPRODUCT((Calibracion!$B$3:$B$1002=A58)*(Calibracion!$R$3:$R$1002="Sí"))/B58*100,0)/100)
A59: =IFERROR(INDEX(Calibracion!$B$3:$B$1002,MATCH(LARGE(Calibracion!$W$3:$W$1002,2),Calibracion!$W$3:$W$1002,0)),"") | B59: =IF(A59="","",ROUNDUP(LARGE(Calibracion!$W$3:$W$1002,2)/10000,0)) | C59: =IF(A59="","",ROUND(SUMPRODUCT((Calibracion!$B$3:$B$1002=A59)*(Calibracion!$R$3:$R$1002="Sí"))/B59*100,0)/100)
A60: =IFERROR(INDEX(Calibracion!$B$3:$B$1002,MATCH(LARGE(Calibracion!$W$3:$W$1002,3),Calibracion!$W$3:$W$1002,0)),"") | B60: =IF(A60="","",ROUNDUP(LARGE(Calibracion!$W$3:$W$1002,3)/10000,0)) | C60: =IF(A60="","",ROUND(SUMPRODUCT((Calibracion!$B$3:$B$1002=A60)*(Calibracion!$R$3:$R$1002="Sí"))/B60*100,0)/100)
A61: =IFERROR(INDEX(Calibracion!$B$3:$B$1002,MATCH(LARGE(Calibracion!$W$3:$W$1002,4),Calibracion!$W$3:$W$1002,0)),"") | B61: =IF(A61="","",ROUNDUP(LARGE(Calibracion!$W$3:$W$1002,4)/10000,0)) | C61: =IF(A61="","",ROUND(SUMPRODUCT((Calibracion!$B$3:$B$1002=A61)*(Calibracion!$R$3:$R$1002="Sí"))/B61*100,0)/100)
A62: =IFERROR(INDEX(Calibracion!$B$3:$B$1002,MATCH(LARGE(Calibracion!$W$3:$W$1002,5),Calibracion!$W$3:$W$1002,0)),"") | B62: =IF(A62="","",ROUNDUP(LARGE(Calibracion!$W$3:$W$1002,5)/10000,0)) | C62: =IF(A62="","",ROUND(SUMPRODUCT((Calibracion!$B$3:$B$1002=A62)*(Calibracion!$R$3:$R$1002="Sí"))/B62*100,0)/100)
A63: =IFERROR(INDEX(Calibracion!$B$3:$B$1002,MATCH(LARGE(Calibracion!$W$3:$W$1002,6),Calibracion!$W$3:$W$1002,0)),"") | B63: =IF(A63="","",ROUNDUP(LARGE(Calibracion!$W$3:$W$1002,6)/10000,0)) | C63: =IF(A63="","",ROUND(SUMPRODUCT((Calibracion!$B$3:$B$1002=A63)*(Calibracion!$R$3:$R$1002="Sí"))/B63*100,0)/100)
A64: =IFERROR(INDEX(Calibracion!$B$3:$B$1002,MATCH(LARGE(Calibracion!$W$3:$W$1002,7),Calibracion!$W$3:$W$1002,0)),"") | B64: =IF(A64="","",ROUNDUP(LARGE(Calibracion!$W$3:$W$1002,7)/10000,0)) | C64: =IF(A64="","",ROUND(SUMPRODUCT((Calibracion!$B$3:$B$1002=A64)*(Calibracion!$R$3:$R$1002="Sí"))/B64*100,0)/100)
A65: =IFERROR(INDEX(Calibracion!$B$3:$B$1002,MATCH(LARGE(Calibracion!$W$3:$W$1002,8),Calibracion!$W$3:$W$1002,0)),"") | B65: =IF(A65="","",ROUNDUP(LARGE(Calibracion!$W$3:$W$1002,8)/10000,0)) | C65: =IF(A65="","",ROUND(SUMPRODUCT((Calibracion!$B$3:$B$1002=A65)*(Calibracion!$R$3:$R$1002="Sí"))/B65*100,0)/100)
A66: =IFERROR(INDEX(Calibracion!$B$3:$B$1002,MATCH(LARGE(Calibracion!$W$3:$W$1002,9),Calibracion!$W$3:$W$1002,0)),"") | B66: =IF(A66="","",ROUNDUP(LARGE(Calibracion!$W$3:$W$1002,9)/10000,0)) | C66: =IF(A66="","",ROUND(SUMPRODUCT((Calibracion!$B$3:$B$1002=A66)*(Calibracion!$R$3:$R$1002="Sí"))/B66*100,0)/100)
A67: =IFERROR(INDEX(Calibracion!$B$3:$B$1002,MATCH(LARGE(Calibracion!$W$3:$W$1002,10),Calibracion!$W$3:$W$1002,0)),"") | B67: =IF(A67="","",ROUNDUP(LARGE(Calibracion!$W$3:$W$1002,10)/10000,0)) | C67: =IF(A67="","",ROUND(SUMPRODUCT((Calibracion!$B$3:$B$1002=A67)*(Calibracion!$R$3:$R$1002="Sí"))/B67*100,0)/100)
A70: Opinión de los docentes
A71: Docentes que respondieron | B71: =COUNT(Docentes!$Q$3:$Q$1002)
A72: Utilidad del semáforo (promedio de 1 a 5) | B72: =B7
A73: Lo usarían en clase («Sí, en la próxima tarea» o «Sí, con cambios») | B73: =B8
A75: Utilidad del semáforo (5 = muy útil) | B75: Personas | C75: %
A76: 5 | B76: =COUNTIF(Docentes!$R$3:$R$1002,5) | C76: =IF(COUNT(Docentes!$R$3:$R$1002)=0,"",ROUND(B76/COUNT(Docentes!$R$3:$R$1002)*100,0)/100)
A77: 4 | B77: =COUNTIF(Docentes!$R$3:$R$1002,4) | C77: =IF(COUNT(Docentes!$R$3:$R$1002)=0,"",ROUND(B77/COUNT(Docentes!$R$3:$R$1002)*100,0)/100)
A78: 3 | B78: =COUNTIF(Docentes!$R$3:$R$1002,3) | C78: =IF(COUNT(Docentes!$R$3:$R$1002)=0,"",ROUND(B78/COUNT(Docentes!$R$3:$R$1002)*100,0)/100)
A79: 2 | B79: =COUNTIF(Docentes!$R$3:$R$1002,2) | C79: =IF(COUNT(Docentes!$R$3:$R$1002)=0,"",ROUND(B79/COUNT(Docentes!$R$3:$R$1002)*100,0)/100)
A80: 1 | B80: =COUNTIF(Docentes!$R$3:$R$1002,1) | C80: =IF(COUNT(Docentes!$R$3:$R$1002)=0,"",ROUND(B80/COUNT(Docentes!$R$3:$R$1002)*100,0)/100)
A89: ¿El semáforo coincide con su criterio? | B89: Personas | C89: %
A90: =IFERROR(VLOOKUP(F90,$A$400:$B$435,2,FALSE),F90) | B90: =COUNTIF(Docentes!$S$3:$S$1002,"=casi siempre") | C90: =IF(COUNTIF(Docentes!$S$3:$S$1002,"?*")=0,"",ROUND(B90/COUNTIF(Docentes!$S$3:$S$1002,"?*")*100,0)/100) | F90: Casi siempre
A91: =IFERROR(VLOOKUP(F91,$A$400:$B$435,2,FALSE),F91) | B91: =COUNTIF(Docentes!$S$3:$S$1002,"=a veces") | C91: =IF(COUNTIF(Docentes!$S$3:$S$1002,"?*")=0,"",ROUND(B91/COUNTIF(Docentes!$S$3:$S$1002,"?*")*100,0)/100) | F91: A veces
A92: =IFERROR(VLOOKUP(F92,$A$400:$B$435,2,FALSE),F92) | B92: =COUNTIF(Docentes!$S$3:$S$1002,"=pocas veces") | C92: =IF(COUNTIF(Docentes!$S$3:$S$1002,"?*")=0,"",ROUND(B92/COUNTIF(Docentes!$S$3:$S$1002,"?*")*100,0)/100) | F92: Pocas veces
A93: =IFERROR(VLOOKUP(F93,$A$400:$B$435,2,FALSE),F93) | B93: =COUNTIF(Docentes!$S$3:$S$1002,"=no lo compare") | C93: =IF(COUNTIF(Docentes!$S$3:$S$1002,"?*")=0,"",ROUND(B93/COUNTIF(Docentes!$S$3:$S$1002,"?*")*100,0)/100) | F93: No lo compare
A94: Otra respuesta | B94: =COUNTIF(Docentes!$S$3:$S$1002,"?*")-SUM(B90:B93) | C94: =IF(COUNTIF(Docentes!$S$3:$S$1002,"?*")=0,"",ROUND(B94/COUNTIF(Docentes!$S$3:$S$1002,"?*")*100,0)/100)
A95: Total con respuesta | B95: =COUNTIF(Docentes!$S$3:$S$1002,"?*")
A103: ¿Los alumnos entienden el semáforo? | B103: Personas | C103: %
A104: =IFERROR(VLOOKUP(F104,$A$400:$B$435,2,FALSE),F104) | B104: =COUNTIF(Docentes!$T$3:$T$1002,"=si, solos") | C104: =IF(COUNTIF(Docentes!$T$3:$T$1002,"?*")=0,"",ROUND(B104/COUNTIF(Docentes!$T$3:$T$1002,"?*")*100,0)/100) | F104: Si, solos
A105: =IFERROR(VLOOKUP(F105,$A$400:$B$435,2,FALSE),F105) | B105: =COUNTIF(Docentes!$T$3:$T$1002,"=con una explicacion breve") | C105: =IF(COUNTIF(Docentes!$T$3:$T$1002,"?*")=0,"",ROUND(B105/COUNTIF(Docentes!$T$3:$T$1002,"?*")*100,0)/100) | F105: Con una explicacion breve
A106: =IFERROR(VLOOKUP(F106,$A$400:$B$435,2,FALSE),F106) | B106: =COUNTIF(Docentes!$T$3:$T$1002,"=no") | C106: =IF(COUNTIF(Docentes!$T$3:$T$1002,"?*")=0,"",ROUND(B106/COUNTIF(Docentes!$T$3:$T$1002,"?*")*100,0)/100) | F106: No
A107: Otra respuesta | B107: =COUNTIF(Docentes!$T$3:$T$1002,"?*")-SUM(B104:B106) | C107: =IF(COUNTIF(Docentes!$T$3:$T$1002,"?*")=0,"",ROUND(B107/COUNTIF(Docentes!$T$3:$T$1002,"?*")*100,0)/100)
A108: Total con respuesta | B108: =COUNTIF(Docentes!$T$3:$T$1002,"?*")
A117: ¿Lo usaría en clase? | B117: Personas | C117: %
A118: =IFERROR(VLOOKUP(F118,$A$400:$B$435,2,FALSE),F118) | B118: =COUNTIF(Docentes!$U$3:$U$1002,"=si, en la proxima tarea") | C118: =IF(COUNTIF(Docentes!$U$3:$U$1002,"?*")=0,"",ROUND(B118/COUNTIF(Docentes!$U$3:$U$1002,"?*")*100,0)/100) | F118: Si, en la proxima tarea
A119: =IFERROR(VLOOKUP(F119,$A$400:$B$435,2,FALSE),F119) | B119: =COUNTIF(Docentes!$U$3:$U$1002,"=si, con cambios") | C119: =IF(COUNTIF(Docentes!$U$3:$U$1002,"?*")=0,"",ROUND(B119/COUNTIF(Docentes!$U$3:$U$1002,"?*")*100,0)/100) | F119: Si, con cambios
A120: =IFERROR(VLOOKUP(F120,$A$400:$B$435,2,FALSE),F120) | B120: =COUNTIF(Docentes!$U$3:$U$1002,"=no por ahora") | C120: =IF(COUNTIF(Docentes!$U$3:$U$1002,"?*")=0,"",ROUND(B120/COUNTIF(Docentes!$U$3:$U$1002,"?*")*100,0)/100) | F120: No por ahora
A121: Otra respuesta | B121: =COUNTIF(Docentes!$U$3:$U$1002,"?*")-SUM(B118:B120) | C121: =IF(COUNTIF(Docentes!$U$3:$U$1002,"?*")=0,"",ROUND(B121/COUNTIF(Docentes!$U$3:$U$1002,"?*")*100,0)/100)
A122: Total con respuesta | B122: =COUNTIF(Docentes!$U$3:$U$1002,"?*")
A131: ¿Recomendaría que el colegio lo contrate? | B131: Personas | C131: %
A132: =IFERROR(VLOOKUP(F132,$A$400:$B$435,2,FALSE),F132) | B132: =COUNTIF(Docentes!$V$3:$V$1002,"=si") | C132: =IF(COUNTIF(Docentes!$V$3:$V$1002,"?*")=0,"",ROUND(B132/COUNTIF(Docentes!$V$3:$V$1002,"?*")*100,0)/100) | F132: Si
A133: =IFERROR(VLOOKUP(F133,$A$400:$B$435,2,FALSE),F133) | B133: =COUNTIF(Docentes!$V$3:$V$1002,"=tal vez") | C133: =IF(COUNTIF(Docentes!$V$3:$V$1002,"?*")=0,"",ROUND(B133/COUNTIF(Docentes!$V$3:$V$1002,"?*")*100,0)/100) | F133: Tal vez
A134: =IFERROR(VLOOKUP(F134,$A$400:$B$435,2,FALSE),F134) | B134: =COUNTIF(Docentes!$V$3:$V$1002,"=no") | C134: =IF(COUNTIF(Docentes!$V$3:$V$1002,"?*")=0,"",ROUND(B134/COUNTIF(Docentes!$V$3:$V$1002,"?*")*100,0)/100) | F134: No
A135: =IFERROR(VLOOKUP(F135,$A$400:$B$435,2,FALSE),F135) | B135: =COUNTIF(Docentes!$V$3:$V$1002,"=no me corresponde") | C135: =IF(COUNTIF(Docentes!$V$3:$V$1002,"?*")=0,"",ROUND(B135/COUNTIF(Docentes!$V$3:$V$1002,"?*")*100,0)/100) | F135: No me corresponde
A136: Otra respuesta | B136: =COUNTIF(Docentes!$V$3:$V$1002,"?*")-SUM(B132:B135) | C136: =IF(COUNTIF(Docentes!$V$3:$V$1002,"?*")=0,"",ROUND(B136/COUNTIF(Docentes!$V$3:$V$1002,"?*")*100,0)/100)
A137: Total con respuesta | B137: =COUNTIF(Docentes!$V$3:$V$1002,"?*")
A145: Imprescindible para usarlo (puede marcar varias) | B145: Docentes | C145: % de docentes
A146: =IFERROR(VLOOKUP(F146,$A$400:$B$435,2,FALSE),F146) | B146: =COUNTIF(Docentes!$W$3:$W$1002,"*ver las fuentes que entrega cada alumno*") | C146: =IF(COUNT(Docentes!$Q$3:$Q$1002)=0,"",ROUND(B146/COUNT(Docentes!$Q$3:$Q$1002)*100,0)/100) | F146: Ver las fuentes que entrega cada alumno
A147: =IFERROR(VLOOKUP(F147,$A$400:$B$435,2,FALSE),F147) | B147: =COUNTIF(Docentes!$W$3:$W$1002,"*informe del curso*") | C147: =IF(COUNT(Docentes!$Q$3:$Q$1002)=0,"",ROUND(B147/COUNT(Docentes!$Q$3:$Q$1002)*100,0)/100) | F147: Informe del curso
A148: =IFERROR(VLOOKUP(F148,$A$400:$B$435,2,FALSE),F148) | B148: =COUNTIF(Docentes!$W$3:$W$1002,"*extension instalada*") | C148: =IF(COUNT(Docentes!$Q$3:$Q$1002)=0,"",ROUND(B148/COUNT(Docentes!$Q$3:$Q$1002)*100,0)/100) | F148: Extension instalada
A149: =IFERROR(VLOOKUP(F149,$A$400:$B$435,2,FALSE),F149) | B149: =COUNTIF(Docentes!$W$3:$W$1002,"*mas formatos de cita*") | C149: =IF(COUNT(Docentes!$Q$3:$Q$1002)=0,"",ROUND(B149/COUNT(Docentes!$Q$3:$Q$1002)*100,0)/100) | F149: Mas formatos de cita
A150: =IFERROR(VLOOKUP(F150,$A$400:$B$435,2,FALSE),F150) | B150: =COUNTIF(Docentes!$W$3:$W$1002,"*integracion classroom o teams*") | C150: =IF(COUNT(Docentes!$Q$3:$Q$1002)=0,"",ROUND(B150/COUNT(Docentes!$Q$3:$Q$1002)*100,0)/100) | F150: Integracion Classroom o Teams
...

Sheet Pegar calibracion

Sheet Pegar docentes

Sheet Pegar estudiantes

Sheet Calibracion
A1: docente | B1: area | C1: url | D1: juicio_docente | E1: puntaje_veritech | F1: nivel_veritech | G1: coincide | H1: senales | I1: palabras | J1: version_motor | K1: motivo | L1: consentimiento | M1: juicio docente (normalizado) | N1: nivel VeriTech (normalizado) | O1: Nivel docente (2 confiable · 1 dudosa · 0 no confiable) | P1: Nivel VeriTech (2 confiable · 1 dudosa · 0 no confiable) | Q1: Fila válida (1 = tiene los dos niveles) | R1: ¿Coincide? (Sí/No) | S1: VeriTech fue… | T1: Desacuerdo grave (1 = confiable vs no confiable) | U1: señales (normalizadas) | V1: Área: n.º de aparición | W1: Área: orden | X1: docente (clave) | Y1: Docente nuevo (1) | Z1: Grave n.º
A2: =IFERROR(MATCH("docente",'Pegar calibracion'!$A$1:$BZ$1,0),IFERROR(MATCH("docente[]",'Pegar calibracion'!$A$1:$BZ$1,0),0)) | B2: =IFERROR(MATCH("area",'Pegar calibracion'!$A$1:$BZ$1,0),IFERROR(MATCH("area[]",'Pegar calibracion'!$A$1:$BZ$1,0),0)) | C2: =IFERROR(MATCH("url",'Pegar calibracion'!$A$1:$BZ$1,0),IFERROR(MATCH("url[]",'Pegar calibracion'!$A$1:$BZ$1,0),0)) | D2: =IFERROR(MATCH("juicio_docente",'Pegar calibracion'!$A$1:$BZ$1,0),IFERROR(MATCH("juicio_docente[]",'Pegar calibracion'!$A$1:$BZ$1,0),IFERROR(MATCH("juicio docente",'Pegar calibracion'!$A$1:$BZ$1,0),0))) | E2: =IFERROR(MATCH("puntaje_veritech",'Pegar calibracion'!$A$1:$BZ$1,0),IFERROR(MATCH("puntaje_veritech[]",'Pegar calibracion'!$A$1:$BZ$1,0),IFERROR(MATCH("puntaje veritech",'Pegar calibracion'!$A$1:$BZ$1,0),0))) | F2: =IFERROR(MATCH("nivel_veritech",'Pegar calibracion'!$A$1:$BZ$1,0),IFERROR(MATCH("nivel_veritech[]",'Pegar calibracion'!$A$1:$BZ$1,0),IFERROR(MATCH("nivel veritech",'Pegar calibracion'!$A$1:$BZ$1,0),0))) | G2: =IFERROR(MATCH("coincide",'Pegar calibracion'!$A$1:$BZ$1,0),IFERROR(MATCH("coincide[]",'Pegar calibracion'!$A$1:$BZ$1,0),0)) | H2: =IFERROR(MATCH("senales",'Pegar calibracion'!$A$1:$BZ$1,0),IFERROR(MATCH("senales[]",'Pegar calibracion'!$A$1:$BZ$1,0),0)) | I2: =IFERROR(MATCH("palabras",'Pegar calibracion'!$A$1:$BZ$1,0),IFERROR(MATCH("palabras[]",'Pegar calibracion'!$A$1:$BZ$1,0),0)) | J2: =IFERROR(MATCH("version_motor",'Pegar calibracion'!$A$1:$BZ$1,0),IFERROR(MATCH("version_motor[]",'Pegar calibracion'!$A$1:$BZ$1,0),IFERROR(MATCH("version motor",'Pegar calibracion'!$A$1:$BZ$1,0),0))) | K2: =IFERROR(MATCH("motivo",'Pegar calibracion'!$A$1:$BZ$1,0),IFERROR(MATCH("motivo[]",'Pegar calibracion'!$A$1:$BZ$1,0),0)) | L2: =IFERROR(MATCH("consentimiento",'Pegar calibracion'!$A$1:$BZ$1,0),IFERROR(MATCH("consentimiento[]",'Pegar calibracion'!$A$1:$BZ$1,0),0)) | M2: calculada | N2: calculada | O2: calculada | P2: calculada | Q2: calculada | R2: calculada | S2: calculada | T2: calculada | U2: calculada | V2: calculada | W2: calculada | X2: calculada | Y2: calculada | Z2: calculada
A3: =IF(A$2=0,"",IFERROR(TRIM(INDEX('Pegar calibracion'!$A$1:$BZ$1001,2,A$2)&""),"")) | B3: =IF(B$2=0,"",IFERROR(TRIM(INDEX('Pegar calibracion'!$A$1:$BZ$1001,2,B$2)&""),"")) | C3: =IF(C$2=0,"",IFERROR(TRIM(INDEX('Pegar calibracion'!$A$1:$BZ$1001,2,C$2)&""),"")) | D3: =IF(D$2=0,"",IFERROR(TRIM(INDEX('Pegar calibracion'!$A$1:$BZ$1001,2,D$2)&""),"")) | E3: =IF(E$2=0,"",IFERROR(TRIM(INDEX('Pegar calibracion'!$A$1:$BZ$1001,2,E$2)&""),"")) | F3: =IF(F$2=0,"",IFERROR(TRIM(INDEX('Pegar calibracion'!$A$1:$BZ$1001,2,F$2)&""),"")) | G3: =IF(G$2=0,"",IFERROR(TRIM(INDEX('Pegar calibracion'!$A$1:$BZ$1001,2,G$2)&""),"")) | H3: =IF(H$2=0,"",IFERROR(TRIM(INDEX('Pegar calibracion'!$A$1:$BZ$1001,2,H$2)&""),"")) | ... L3: =IF(L$2=0,"",IFERROR(TRIM(INDEX('Pegar calibracion'!$A$1:$BZ$1001,2,L$2)&""),"")) | M3: =IF(D3="","",SUBSTITUTE(SUBSTITUTE(SUBSTITUTE(SUBSTITUTE(SUBSTITUTE(SUBSTITUTE(SUBSTITUTE(SUBSTITUTE(SUBSTITUTE(SUBSTITUTE(SUBSTITUTE(SUBSTITUTE(LOWER(TRIM(D3)),"á","a"),"é","e"),"í","i"),"ó","o"),"ú","u"),"ü","u"),"ñ","n"),"à","a"),"è","e"),"ì","i"),"ò","o"),"ù","u")) | N3: =IF(F3="","",SUBSTITUTE(SUBSTITUTE(SUBSTITUTE(SUBSTITUTE(SUBSTITUTE(SUBSTITUTE(SUBSTITUTE(SUBSTITUTE(SUBSTITUTE(SUBSTITUTE(SUBSTITUTE(SUBSTITUTE(LOWER(TRIM(F3)),"á","a"),"é","e"),"í","i"),"ó","o"),"ú","u"),"ü","u"),"ñ","n"),"à","a"),"è","e"),"ì","i"),"ò","o"),"ù","u")) | O3: =IF(M3="confiable",2,IF(M3="dudosa",1,IF(M3="no confiable",0,""))) | P3: =IF(N3="confiable",2,IF(N3="dudosa",1,IF(N3="no confiable",0,""))) | Q3: =IF(AND(ISNUMBER(O3),ISNUMBER(P3)),1,"") | R3: =IF(Q3=1,IF(O3=P3,"Sí","No"),"") | S3: =IF(Q3=1,IF(P3<O3,"Más estricto",IF(P3>O3,"Más permisivo","Igual")),"") | T3: =IF(Q3=1,IF(ABS(O3-P3)=2,1,0),"") | U3: =IF(H3="","","|"&SUBSTITUTE(SUBSTITUTE(TRIM(H3)," |","|"),"| ","|")&"|") | V3: =IF(AND(Q3=1,B3<>""),IF(IFERROR(COUNTIFS(B$3:B3,"="&SUBSTITUTE(SUBSTITUTE(SUBSTITUTE(B3,"~","~~"),"*","~*"),"?","~?"),Q$3:Q3,1),0)=1,MAX(V$2:V2)+1,""),"") | W3: =IF(V3="","",COUNTIFS($B$3:$B$1002,"="&SUBSTITUTE(SUBSTITUTE(SUBSTITUTE(B3,"~","~~"),"*","~*"),"?","~?"),$Q$3:$Q$1002,1)*10000-V3) | X3: =IF(Q3=1,IF(SUBSTITUTE(SUBSTITUTE(SUBSTITUTE(SUBSTITUTE(SUBSTITUTE(SUBSTITUTE(SUBSTITUTE(SUBSTITUTE(SUBSTITUTE(SUBSTITUTE(SUBSTITUTE(SUBSTITUTE(LOWER(TRIM(A3)),"á","a"),"é","e"),"í","i"),"ó","o"),"ú","u"),"ü","u"),"ñ","n"),"à","a"),"è","e"),"ì","i"),"ò","o"),"ù","u")="","(sin apodo)",SUBSTITUTE(SUBSTITUTE(SUBSTITUTE(SUBSTITUTE(SUBSTITUTE(SUBSTITUTE(SUBSTITUTE(SUBSTITUTE(SUBSTITUTE(SUBSTITUTE(SUBSTITUTE(SUBSTITUTE(LOWER(TRIM(A3)),"á","a"),"é","e"),"í","i"),"ó","o"),"ú","u"),"ü","u"),"ñ","n"),"à","a"),"è","e"),"ì","i"),"ò","o"),"ù","u")),"") | Y3: =IF(X3="","",IF(IFERROR(COUNTIF(X$3:X3,"="&SUBSTITUTE(SUBSTITUTE(SUBSTITUTE(X3,"~","~~"),"*","~*"),"?","~?")),0)=1,1,"")) | Z3: =IF(T3=1,MAX(Z$2:Z2)+1,"")
A4: =IF(A$2=0,"",IFERROR(TRIM(INDEX('Pegar calibracion'!$A$1:$BZ$1001,3,A$2)&""),"")) | B4: =IF(B$2=0,"",IFERROR(TRIM(INDEX('Pegar calibracion'!$A$1:$BZ$1001,3,B$2)&""),"")) | C4: =IF(C$2=0,"",IFERROR(TRIM(INDEX('Pegar calibracion'!$A$1:$BZ$1001,3,C$2)&""),"")) | D4: =IF(D$2=0,"",IFERROR(TRIM(INDEX('Pegar calibracion'!$A$1:$BZ$1001,3,D$2)&""),"")) | E4: =IF(E$2=0,"",IFERROR(TRIM(INDEX('Pegar calibracion'!$A$1:$BZ$1001,3,E$2)&""),"")) | F4: =IF(F$2=0,"",IFERROR(TRIM(INDEX('Pegar calibracion'!$A$1:$BZ$1001,3,F$2)&""),"")) | G4: =IF(G$2=0,"",IFERROR(TRIM(INDEX('Pegar calibracion'!$A$1:$BZ$1001,3,G$2)&""),"")) | H4: =IF(H$2=0,"",IFERROR(TRIM(INDEX('Pegar calibracion'!$A$1:$BZ$1001,3,H$2)&""),"")) | ... L4: =IF(L$2=0,"",IFERROR(TRIM(INDEX('Pegar calibracion'!$A$1:$BZ$1001,3,L$2)&""),"")) | M4: =IF(D4="","",SUBSTITUTE(SUBSTITUTE(SUBSTITUTE(SUBSTITUTE(SUBSTITUTE(SUBSTITUTE(SUBSTITUTE(SUBSTITUTE(SUBSTITUTE(SUBSTITUTE(SUBSTITUTE(SUBSTITUTE(LOWER(TRIM(D4)),"á","a"),"é","e"),"í","i"),"ó","o"),"ú","u"),"ü","u"),"ñ","n"),"à","a"),"è","e"),"ì","i"),"ò","o"),"ù","u")) | N4: =IF(F4="","",SUBSTITUTE(SUBSTITUTE(SUBSTITUTE(SUBSTITUTE(SUBSTITUTE(SUBSTITUTE(SUBSTITUTE(SUBSTITUTE(SUBSTITUTE(SUBSTITUTE(SUBSTITUTE(SUBSTITUTE(LOWER(TRIM(F4)),"á","a"),"é","e"),"í","i"),"ó","o"),"ú","u"),"ü","u"),"ñ","n"),"à","a"),"è","e"),"ì","i"),"ò","o"),"ù","u")) | O4: =IF(M4="confiable",2,IF(M4="dudosa",1,IF(M4="no confiable",0,""))) | P4: =IF(N4="confiable",2,IF(N4="dudosa",1,IF(N4="no confiable",0,""))) | Q4: =IF(AND(ISNUMBER(O4),ISNUMBER(P4)),1,"") | R4: =IF(Q4=1,IF(O4=P4,"Sí","No"),"") | S4: =IF(Q4=1,IF(P4<O4,"Más estricto",IF(P4>O4,"Más permisivo","Igual")),"") | T4: =IF(Q4=1,IF(ABS(O4-P4)=2,1,0),"") | U4: =IF(H4="","","|"&SUBSTITUTE(SUBSTITUTE(TRIM(H4)," |","|"),"| ","|")&"|") | V4: =IF(AND(Q4=1,B4<>""),IF(IFERROR(COUNTIFS(B$3:B4,"="&SUBSTITUTE(SUBSTITUTE(SUBSTITUTE(B4,"~","~~"),"*","~*"),"?","~?"),Q$3:Q4,1),0)=1,MAX(V$2:V3)+1,""),"") | W4: =IF(V4="","",COUNTIFS($B$3:$B$1002,"="&SUBSTITUTE(SUBSTITUTE(SUBSTITUTE(B4,"~","~~"),"*","~*"),"?","~?"),$Q$3:$Q$1002,1)*10000-V4) | X4: =IF(Q4=1,IF(SUBSTITUTE(SUBSTITUTE(SUBSTITUTE(SUBSTITUTE(SUBSTITUTE(SUBSTITUTE(SUBSTITUTE(SUBSTITUTE(SUBSTITUTE(SUBSTITUTE(SUBSTITUTE(SUBSTITUTE(LOWER(TRIM(A4)),"á","a"),"é","e"),"í","i"),"ó","o"),"ú","u"),"ü","u"),"ñ","n"),"à","a"),"è","e"),"ì","i"),"ò","o"),"ù","u")="","(sin apodo)",SUBSTITUTE(SUBSTITUTE(SUBSTITUTE(SUBSTITUTE(SUBSTITUTE(SUBSTITUTE(SUBSTITUTE(SUBSTITUTE(SUBSTITUTE(SUBSTITUTE(SUBSTITUTE(SUBSTITUTE(LOWER(TRIM(A4)),"á","a"),"é","e"),"í","i"),"ó","o"),"ú","u"),"ü","u"),"ñ","n"),"à","a"),"è","e"),"ì","i"),"ò","o"),"ù","u")),"") | Y4: =IF(X4="","",IF(IFERROR(COUNTIF(X$3:X4,"="&SUBSTITUTE(SUBSTITUTE(SUBSTITUTE(X4,"~","~~"),"*","~*"),"?","~?")),0)=1,1,"")) | Z4: =IF(T4=1,MAX(Z$2:Z3)+1,"")
A5: =IF(A$2=0,"",IFERROR(TRIM(INDEX('Pegar calibracion'!$A$1:$BZ$1001,4,A$2)&""),"")) | B5: =IF(B$2=0,"",IFERROR(TRIM(INDEX('Pegar calibracion'!$A$1:$BZ$1001,4,B$2)&""),"")) | C5: =IF(C$2=0,"",IFERROR(TRIM(INDEX('Pegar calibracion'!$A$1:$BZ$1001,4,C$2)&""),"")) | D5: =IF(D$2=0,"",IFERROR(TRIM(INDEX('Pegar calibracion'!$A$1:$BZ$1001,4,D$2)&""),"")) | E5: =IF(E$2=0,"",IFERROR(TRIM(INDEX('Pegar calibracion'!$A$1:$BZ$1001,4,E$2)&""),"")) | F5: =IF(F$2=0,"",IFERROR(TRIM(INDEX('Pegar calibracion'!$A$1:$BZ$1001,4,F$2)&""),"")) | G5: =IF(G$2=0,"",IFERROR(TRIM(INDEX('Pegar calibracion'!$A$1:$BZ$1001,4,G$2)&""),"")) | H5: =IF(H$2=0,"",IFERROR(TRIM(INDEX('Pegar calibracion'!$A$1:$BZ$1001,4,H$2)&""),"")) | ... L5: =IF(L$2=0,"",IFERROR(TRIM(INDEX('Pegar calibracion'!$A$1:$BZ$1001,4,L$2)&""),"")) | M5: =IF(D5="","",SUBSTITUTE(SUBSTITUTE(SUBSTITUTE(SUBSTITUTE(SUBSTITUTE(SUBSTITUTE(SUBSTITUTE(SUBSTITUTE(SUBSTITUTE(SUBSTITUTE(SUBSTITUTE(SUBSTITUTE(LOWER(TRIM(D5)),"á","a"),"é","e"),"í","i"),"ó","o"),"ú","u"),"ü","u"),"ñ","n"),"à","a"),"è","e"),"ì","i"),"ò","o"),"ù","u")) | N5: =IF(F5="","",SUBSTITUTE(SUBSTITUTE(SUBSTITUTE(SUBSTITUTE(SUBSTITUTE(SUBSTITUTE(SUBSTITUTE(SUBSTITUTE(SUBSTITUTE(SUBSTITUTE(SUBSTITUTE(SUBSTITUTE(LOWER(TRIM(F5)),"á","a"),"é","e"),"í","i"),"ó","o"),"ú","u"),"ü","u"),"ñ","n"),"à","a"),"è","e"),"ì","i"),"ò","o"),"ù","u")) | O5: =IF(M5="confiable",2,IF(M5="dudosa",1,IF(M5="no confiable",0,""))) | P5: =IF(N5="confiable",2,IF(N5="dudosa",1,IF(N5="no confiable",0,""))) | Q5: =IF(AND(ISNUMBER(O5),ISNUMBER(P5)),1,"") | R5: =IF(Q5=1,IF(O5=P5,"Sí","No"),"") | S5: =IF(Q5=1,IF(P5<O5,"Más estricto",IF(P5>O5,"Más permisivo","Igual")),"") | T5: =IF(Q5=1,IF(ABS(O5-P5)=2,1,0),"") | U5: =IF(H5="","","|"&SUBSTITUTE(SUBSTITUTE(TRIM(H5)," |","|"),"| ","|")&"|") | V5: =IF(AND(Q5=1,B5<>""),IF(IFERROR(COUNTIFS(B$3:B5,"="&SUBSTITUTE(SUBSTITUTE(SUBSTITUTE(B5,"~","~~"),"*","~*"),"?","~?"),Q$3:Q5,1),0)=1,MAX(V$2:V4)+1,""),"") | W5: =IF(V5="","",COUNTIFS($B$3:$B$1002,"="&SUBSTITUTE(SUBSTITUTE(SUBSTITUTE(B5,"~","~~"),"*","~*"),"?","~?"),$Q$3:$Q$1002,1)*10000-V5) | X5: =IF(Q5=1,IF(SUBSTITUTE(SUBSTITUTE(SUBSTITUTE(SUBSTITUTE(SUBSTITUTE(SUBSTITUTE(SUBSTITUTE(SUBSTITUTE(SUBSTITUTE(SUBSTITUTE(SUBSTITUTE(SUBSTITUTE(LOWER(TRIM(A5)),"á","a"),"é","e"),"í","i"),"ó","o"),"ú","u"),"ü","u"),"ñ","n"),"à","a"),"è","e"),"ì","i"),"ò","o"),"ù","u")="","(sin apodo)",SUBSTITUTE(SUBSTITUTE(SUBSTITUTE(SUBSTITUTE(SUBSTITUTE(SUBSTITUTE(SUBSTITUTE(SUBSTITUTE(SUBSTITUTE(SUBSTITUTE(SUBSTITUTE(SUBSTITUTE(LOWER(TRIM(A5)),"á","a"),"é","e"),"í","i"),"ó","o"),"ú","u"),"ü","u"),"ñ","n"),"à","a"),"è","e"),"ì","i"),"ò","o"),"ù","u")),"") | Y5: =IF(X5="","",IF(IFERROR(COUNTIF(X$3:X5,"="&SUBSTITUTE(SUBSTITUTE(SUBSTITUTE(X5,"~","~~"),"*","~*"),"?","~?")),0)=1,1,"")) | Z5: =IF(T5=1,MAX(Z$2:Z4)+1,"")
A6: =IF(A$2=0,"",IFERROR(TRIM(INDEX('Pegar calibracion'!$A$1:$BZ$1001,5,A$2)&""),"")) | B6: =IF(B$2=0,"",IFERROR(TRIM(INDEX('Pegar calibracion'!$A$1:$BZ$1001,5,B$2)&""),"")) | C6: =IF(C$2=0,"",IFERROR(TRIM(INDEX('Pegar calibracion'!$A$1:$BZ$1001,5,C$2)&""),"")) | D6: =IF(D$2=0,"",IFERROR(TRIM(INDEX('Pegar calibracion'!$A$1:$BZ$1001,5,D$2)&""),"")) | E6: =IF(E$2=0,"",IFERROR(TRIM(INDEX('Pegar calibracion'!$A$1:$BZ$1001,5,E$2)&""),"")) | F6: =IF(F$2=0,"",IFERROR(TRIM(INDEX('Pegar calibracion'!$A$1:$BZ$1001,5,F$2)&""),"")) | G6: =IF(G$2=0,"",IFERROR(TRIM(INDEX('Pegar calibracion'!$A$1:$BZ$1001,5,G$2)&""),"")) | H6: =IF(H$2=0,"",IFERROR(TRIM(INDEX('Pegar calibracion'!$A$1:$BZ$1001,5,H$2)&""),"")) | ... L6: =IF(L$2=0,"",IFERROR(TRIM(INDEX('Pegar calibracion'!$A$1:$BZ$1001,5,L$2)&""),"")) | M6: =IF(D6="","",SUBSTITUTE(SUBSTITUTE(SUBSTITUTE(SUBSTITUTE(SUBSTITUTE(SUBSTITUTE(SUBSTITUTE(SUBSTITUTE(SUBSTITUTE(SUBSTITUTE(SUBSTITUTE(SUBSTITUTE(LOWER(TRIM(D6)),"á","a"),"é","e"),"í","i"),"ó","o"),"ú","u"),"ü","u"),"ñ","n"),"à","a"),"è","e"),"ì","i"),"ò","o"),"ù","u")) | N6: =IF(F6="","",SUBSTITUTE(SUBSTITUTE(SUBSTITUTE(SUBSTITUTE(SUBSTITUTE(SUBSTITUTE(SUBSTITUTE(SUBSTITUTE(SUBSTITUTE(SUBSTITUTE(SUBSTITUTE(SUBSTITUTE(LOWER(TRIM(F6)),"á","a"),"é","e"),"í","i"),"ó","o"),"ú","u"),"ü","u"),"ñ","n"),"à","a"),"è","e"),"ì","i"),"ò","o"),"ù","u")) | O6: =IF(M6="confiable",2,IF(M6="dudosa",1,IF(M6="no confiable",0,""))) | P6: =IF(N6="confiable",2,IF(N6="dudosa",1,IF(N6="no confiable",0,""))) | Q6: =IF(AND(ISNUMBER(O6),ISNUMBER(P6)),1,"") | R6: =IF(Q6=1,IF(O6=P6,"Sí","No"),"") | S6: =IF(Q6=1,IF(P6<O6,"Más estricto",IF(P6>O6,"Más permisivo","Igual")),"") | T6: =IF(Q6=1,IF(ABS(O6-P6)=2,1,0),"") | U6: =IF(H6="","","|"&SUBSTITUTE(SUBSTITUTE(TRIM(H6)," |","|"),"| ","|")&"|") | V6: =IF(AND(Q6=1,B6<>""),IF(IFERROR(COUNTIFS(B$3:B6,"="&SUBSTITUTE(SUBSTITUTE(SUBSTITUTE(B6,"~","~~"),"*","~*"),"?","~?"),Q$3:Q6,1),0)=1,MAX(V$2:V5)+1,""),"") | W6: =IF(V6="","",COUNTIFS($B$3:$B$1002,"="&SUBSTITUTE(SUBSTITUTE(SUBSTITUTE(B6,"~","~~"),"*","~*"),"?","~?"),$Q$3:$Q$1002,1)*10000-V6) | X6: =IF(Q6=1,IF(SUBSTITUTE(SUBSTITUTE(SUBSTITUTE(SUBSTITUTE(SUBSTITUTE(SUBSTITUTE(SUBSTITUTE(SUBSTITUTE(SUBSTITUTE(SUBSTITUTE(SUBSTITUTE(SUBSTITUTE(LOWER(TRIM(A6)),"á","a"),"é","e"),"í","i"),"ó","o"),"ú","u"),"ü","u"),"ñ","n"),"à","a"),"è","e"),"ì","i"),"ò","o"),"ù","u")="","(sin apodo)",SUBSTITUTE(SUBSTITUTE(SUBSTITUTE(SUBSTITUTE(SUBSTITUTE(SUBSTITUTE(SUBSTITUTE(SUBSTITUTE(SUBSTITUTE(SUBSTITUTE(SUBSTITUTE(SUBSTITUTE(LOWER(TRIM(A6)),"á","a"),"é","e"),"í","i"),"ó","o"),"ú","u"),"ü","u"),"ñ","n"),"à","a"),"è","e"),"ì","i"),"ò","o"),"ù","u")),"") | Y6: =IF(X6="","",IF(IFERROR(COUNTIF(X$3:X6,"="&SUBSTITUTE(SUBSTITUTE(SUBSTITUTE(X6,"~","~~"),"*","~*"),"?","~?")),0)=1,1,"")) | Z6: =IF(T6=1,MAX(Z$2:Z5)+1,"")
A7: =IF(A$2=0,"",IFERROR(TRIM(INDEX('Pegar calibracion'!$A$1:$BZ$1001,6,A$2)&""),"")) | B7: =IF(B$2=0,"",IFERROR(TRIM(INDEX('Pegar calibracion'!$A$1:$BZ$1001,6,B$2)&""),"")) | C7: =IF(C$2=0,"",IFERROR(TRIM(INDEX('Pegar calibracion'!$A$1:$BZ$1001,6,C$2)&""),"")) | D7: =IF(D$2=0,"",IFERROR(TRIM(INDEX('Pegar calibracion'!$A$1:$BZ$1001,6,D$2)&""),"")) | E7: =IF(E$2=0,"",IFERROR(TRIM(INDEX('Pegar calibracion'!$A$1:$BZ$1001,6,E$2)&""),"")) | F7: =IF(F$2=0,"",IFERROR(TRIM(INDEX('Pegar calibracion'!$A$1:$BZ$1001,6,F$2)&""),"")) | G7: =IF(G$2=0,"",IFERROR(TRIM(INDEX('Pegar calibracion'!$A$1:$BZ$1001,6,G$2)&""),"")) | H7: =IF(H$2=0,"",IFERROR(TRIM(INDEX('Pegar calibracion'!$A$1:$BZ$1001,6,H$2)&""),"")) | ... L7: =IF(L$2=0,"",IFERROR(TRIM(INDEX('Pegar calibracion'!$A$1:$BZ$1001,6,L$2)&""),"")) | M7: =IF(D7="","",SUBSTITUTE(SUBSTITUTE(SUBSTITUTE(SUBSTITUTE(SUBSTITUTE(SUBSTITUTE(SUBSTITUTE(SUBSTITUTE(SUBSTITUTE(SUBSTITUTE(SUBSTITUTE(SUBSTITUTE(LOWER(TRIM(D7)),"á","a"),"é","e"),"í","i"),"ó","o"),"ú","u"),"ü","u"),"ñ","n"),"à","a"),"è","e"),"ì","i"),"ò","o"),"ù","u")) | N7: =IF(F7="","",SUBSTITUTE(SUBSTITUTE(SUBSTITUTE(SUBSTITUTE(SUBSTITUTE(SUBSTITUTE(SUBSTITUTE(SUBSTITUTE(SUBSTITUTE(SUBSTITUTE(SUBSTITUTE(SUBSTITUTE(LOWER(TRIM(F7)),"á","a"),"é","e"),"í","i"),"ó","o"),"ú","u"),"ü","u"),"ñ","n"),"à","a"),"è","e"),"ì","i"),"ò","o"),"ù","u")) | O7: =IF(M7="confiable",2,IF(M7="dudosa",1,IF(M7="no confiable",0,""))) | P7: =IF(N7="confiable",2,IF(N7="dudosa",1,IF(N7="no confiable",0,""))) | Q7: =IF(AND(ISNUMBER(O7),ISNUMBER(P7)),1,"") | R7: =IF(Q7=1,IF(O7=P7,"Sí","No"),"") | S7: =IF(Q7=1,IF(P7<O7,"Más estricto",IF(P7>O7,"Más permisivo","Igual")),"") | T7: =IF(Q7=1,IF(ABS(O7-P7)=2,1,0),"") | U7: =IF(H7="","","|"&SUBSTITUTE(SUBSTITUTE(TRIM(H7)," |","|"),"| ","|")&"|") | V7: =IF(AND(Q7=1,B7<>""),IF(IFERROR(COUNTIFS(B$3:B7,"="&SUBSTITUTE(SUBSTITUTE(SUBSTITUTE(B7,"~","~~"),"*","~*"),"?","~?"),Q$3:Q7,1),0)=1,MAX(V$2:V6)+1,""),"") | W7: =IF(V7="","",COUNTIFS($B$3:$B$1002,"="&SUBSTITUTE(SUBSTITUTE(SUBSTITUTE(B7,"~","~~"),"*","~*"),"?","~?"),$Q$3:$Q$1002,1)*10000-V7) | X7: =IF(Q7=1,IF(SUBSTITUTE(SUBSTITUTE(SUBSTITUTE(SUBSTITUTE(SUBSTITUTE(SUBSTITUTE(SUBSTITUTE(SUBSTITUTE(SUBSTITUTE(SUBSTITUTE(SUBSTITUTE(SUBSTITUTE(LOWER(TRIM(A7)),"á","a"),"é","e"),"í","i"),"ó","o"),"ú","u"),"ü","u"),"ñ","n"),"à","a"),"è","e"),"ì","i"),"ò","o"),"ù","u")="","(sin apodo)",SUBSTITUTE(SUBSTITUTE(SUBSTITUTE(SUBSTITUTE(SUBSTITUTE(SUBSTITUTE(SUBSTITUTE(SUBSTITUTE(SUBSTITUTE(SUBSTITUTE(SUBSTITUTE(SUBSTITUTE(LOWER(TRIM(A7)),"á","a"),"é","e"),"í","i"),"ó","o"),"ú","u"),"ü","u"),"ñ","n"),"à","a"),"è","e"),"ì","i"),"ò","o"),"ù","u")),"") | Y7: =IF(X7="","",IF(IFERROR(COUNTIF(X$3:X7,"="&SUBSTITUTE(SUBSTITUTE(SUBSTITUTE(X7,"~","~~"),"*","~*"),"?","~?")),0)=1,1,"")) | Z7: =IF(T7=1,MAX(Z$2:Z6)+1,"")
A8: =IF(A$2=0,"",IFERROR(TRIM(INDEX('Pegar calibracion'!$A$1:$BZ$1001,7,A$2)&""),"")) | B8: =IF(B$2=0,"",IFERROR(TRIM(INDEX('Pegar calibracion'!$A$1:$BZ$1001,7,B$2)&""),"")) | C8: =IF(C$2=0,"",IFERROR(TRIM(INDEX('Pegar calibracion'!$A$1:$BZ$1001,7,C$2)&""),"")) | D8: =IF(D$2=0,"",IFERROR(TRIM(INDEX('Pegar calibracion'!$A$1:$BZ$1001,7,D$2)&""),"")) | E8: =IF(E$2=0,"",IFERROR(TRIM(INDEX('Pegar calibracion'!$A$1:$BZ$1001,7,E$2)&""),"")) | F8: =IF(F$2=0,"",IFERROR(TRIM(INDEX('Pegar calibracion'!$A$1:$BZ$1001,7,F$2)&""),"")) | G8: =IF(G$2=0,"",IFERROR(TRIM(INDEX('Pegar calibracion'!$A$1:$BZ$1001,7,G$2)&""),"")) | H8: =IF(H$2=0,"",IFERROR(TRIM(INDEX('Pegar calibracion'!$A$1:$BZ$1001,7,H$2)&""),"")) | ... L8: =IF(L$2=0,"",IFERROR(TRIM(INDEX('Pegar calibracion'!$A$1:$BZ$1001,7,L$2)&""),"")) | M8: =IF(D8="","",SUBSTITUTE(SUBSTITUTE(SUBSTITUTE(SUBSTITUTE(SUBSTITUTE(SUBSTITUTE(SUBSTITUTE(SUBSTITUTE(SUBSTITUTE(SUBSTITUTE(SUBSTITUTE(SUBSTITUTE(LOWER(TRIM(D8)),"á","a"),"é","e"),"í","i"),"ó","o"),"ú","u"),"ü","u"),"ñ","n"),"à","a"),"è","e"),"ì","i"),"ò","o"),"ù","u")) | N8: =IF(F8="","",SUBSTITUTE(SUBSTITUTE(SUBSTITUTE(SUBSTITUTE(SUBSTITUTE(SUBSTITUTE(SUBSTITUTE(SUBSTITUTE(SUBSTITUTE(SUBSTITUTE(SUBSTITUTE(SUBSTITUTE(LOWER(TRIM(F8)),"á","a"),"é","e"),"í","i"),"ó","o"),"ú","u"),"ü","u"),"ñ","n"),"à","a"),"è","e"),"ì","i"),"ò","o"),"ù","u")) | O8: =IF(M8="confiable",2,IF(M8="dudosa",1,IF(M8="no confiable",0,""))) | P8: =IF(N8="confiable",2,IF(N8="dudosa",1,IF(N8="no confiable",0,""))) | Q8: =IF(AND(ISNUMBER(O8),ISNUMBER(P8)),1,"") | R8: =IF(Q8=1,IF(O8=P8,"Sí","No"),"") | S8: =IF(Q8=1,IF(P8<O8,"Más estricto",IF(P8>O8,"Más permisivo","Igual")),"") | T8: =IF(Q8=1,IF(ABS(O8-P8)=2,1,0),"") | U8: =IF(H8="","","|"&SUBSTITUTE(SUBSTITUTE(TRIM(H8)," |","|"),"| ","|")&"|") | V8: =IF(AND(Q8=1,B8<>""),IF(IFERROR(COUNTIFS(B$3:B8,"="&SUBSTITUTE(SUBSTITUTE(SUBSTITUTE(B8,"~","~~"),"*","~*"),"?","~?"),Q$3:Q8,1),0)=1,MAX(V$2:V7)+1,""),"") | W8: =IF(V8="","",COUNTIFS($B$3:$B$1002,"="&SUBSTITUTE(SUBSTITUTE(SUBSTITUTE(B8,"~","~~"),"*","~*"),"?","~?"),$Q$3:$Q$1002,1)*10000-V8) | X8: =IF(Q8=1,IF(SUBSTITUTE(SUBSTITUTE(SUBSTITUTE(SUBSTITUTE(SUBSTITUTE(SUBSTITUTE(SUBSTITUTE(SUBSTITUTE(SUBSTITUTE(SUBSTITUTE(SUBSTITUTE(SUBSTITUTE(LOWER(TRIM(A8)),"á","a"),"é","e"),"í","i"),"ó","o"),"ú","u"),"ü","u"),"ñ","n"),"à","a"),"è","e"),"ì","i"),"ò","o"),"ù","u")="","(sin apodo)",SUBSTITUTE(SUBSTITUTE(SUBSTITUTE(SUBSTITUTE(SUBSTITUTE(SUBSTITUTE(SUBSTITUTE(SUBSTITUTE(SUBSTITUTE(SUBSTITUTE(SUBSTITUTE(SUBSTITUTE(LOWER(TRIM(A8)),"á","a"),"é","e"),"í","i"),"ó","o"),"ú","u"),"ü","u"),"ñ","n"),"à","a"),"è","e"),"ì","i"),"ò","o"),"ù","u")),"") | Y8: =IF(X8="","",IF(IFERROR(COUNTIF(X$3:X8,"="&SUBSTITUTE(SUBSTITUTE(SUBSTITUTE(X8,"~","~~"),"*","~*"),"?","~?")),0)=1,1,"")) | Z8: =IF(T8=1,MAX(Z$2:Z7)+1,"")
A9: =IF(A$2=0,"",IFERROR(TRIM(INDEX('Pegar calibracion'!$A$1:$BZ$1001,8,A$2)&""),"")) | B9: =IF(B$2=0,"",IFERROR(TRIM(INDEX('Pegar calibracion'!$A$1:$BZ$1001,8,B$2)&""),"")) | C9: =IF(C$2=0,"",IFERROR(TRIM(INDEX('Pegar calibracion'!$A$1:$BZ$1001,8,C$2)&""),"")) | D9: =IF(D$2=0,"",IFERROR(TRIM(INDEX('Pegar calibracion'!$A$1:$BZ$1001,8,D$2)&""),"")) | E9: =IF(E$2=0,"",IFERROR(TRIM(INDEX('Pegar calibracion'!$A$1:$BZ$1001,8,E$2)&""),"")) | F9: =IF(F$2=0,"",IFERROR(TRIM(INDEX('Pegar calibracion'!$A$1:$BZ$1001,8,F$2)&""),"")) | G9: =IF(G$2=0,"",IFERROR(TRIM(INDEX('Pegar calibracion'!$A$1:$BZ$1001,8,G$2)&""),"")) | H9: =IF(H$2=0,"",IFERROR(TRIM(INDEX('Pegar calibracion'!$A$1:$BZ$1001,8,H$2)&""),"")) | ... L9: =IF(L$2=0,"",IFERROR(TRIM(INDEX('Pegar calibracion'!$A$1:$BZ$1001,8,L$2)&""),"")) | M9: =IF(D9="","",SUBSTITUTE(SUBSTITUTE(SUBSTITUTE(SUBSTITUTE(SUBSTITUTE(SUBSTITUTE(SUBSTITUTE(SUBSTITUTE(SUBSTITUTE(SUBSTITUTE(SUBSTITUTE(SUBSTITUTE(LOWER(TRIM(D9)),"á","a"),"é","e"),"í","i"),"ó","o"),"ú","u"),"ü","u"),"ñ","n"),"à","a"),"è","e"),"ì","i"),"ò","o"),"ù","u")) | N9: =IF(F9="","",SUBSTITUTE(SUBSTITUTE(SUBSTITUTE(SUBSTITUTE(SUBSTITUTE(SUBSTITUTE(SUBSTITUTE(SUBSTITUTE(SUBSTITUTE(SUBSTITUTE(SUBSTITUTE(SUBSTITUTE(LOWER(TRIM(F9)),"á","a"),"é","e"),"í","i"),"ó","o"),"ú","u"),"ü","u"),"ñ","n"),"à","a"),"è","e"),"ì","i"),"ò","o"),"ù","u")) | O9: =IF(M9="confiable",2,IF(M9="dudosa",1,IF(M9="no confiable",0,""))) | P9: =IF(N9="confiable",2,IF(N9="dudosa",1,IF(N9="no confiable",0,""))) | Q9: =IF(AND(ISNUMBER(O9),ISNUMBER(P9)),1,"") | R9: =IF(Q9=1,IF(O9=P9,"Sí","No"),"") | S9: =IF(Q9=1,IF(P9<O9,"Más estricto",IF(P9>O9,"Más permisivo","Igual")),"") | T9: =IF(Q9=1,IF(ABS(O9-P9)=2,1,0),"") | U9: =IF(H9="","","|"&SUBSTITUTE(SUBSTITUTE(TRIM(H9)," |","|"),"| ","|")&"|") | V9: =IF(AND(Q9=1,B9<>""),IF(IFERROR(COUNTIFS(B$3:B9,"="&SUBSTITUTE(SUBSTITUTE(SUBSTITUTE(B9,"~","~~"),"*","~*"),"?","~?"),Q$3:Q9,1),0)=1,MAX(V$2:V8)+1,""),"") | W9: =IF(V9="","",COUNTIFS($B$3:$B$1002,"="&SUBSTITUTE(SUBSTITUTE(SUBSTITUTE(B9,"~","~~"),"*","~*"),"?","~?"),$Q$3:$Q$1002,1)*10000-V9) | X9: =IF(Q9=1,IF(SUBSTITUTE(SUBSTITUTE(SUBSTITUTE(SUBSTITUTE(SUBSTITUTE(SUBSTITUTE(SUBSTITUTE(SUBSTITUTE(SUBSTITUTE(SUBSTITUTE(SUBSTITUTE(SUBSTITUTE(LOWER(TRIM(A9)),"á","a"),"é","e"),"í","i"),"ó","o"),"ú","u"),"ü","u"),"ñ","n"),"à","a"),"è","e"),"ì","i"),"ò","o"),"ù","u")="","(sin apodo)",SUBSTITUTE(SUBSTITUTE(SUBSTITUTE(SUBSTITUTE(SUBSTITUTE(SUBSTITUTE(SUBSTITUTE(SUBSTITUTE(SUBSTITUTE(SUBSTITUTE(SUBSTITUTE(SUBSTITUTE(LOWER(TRIM(A9)),"á","a"),"é","e"),"í","i"),"ó","o"),"ú","u"),"ü","u"),"ñ","n"),"à","a"),"è","e"),"ì","i"),"ò","o"),"ù","u")),"") | Y9: =IF(X9="","",IF(IFERROR(COUNTIF(X$3:X9,"="&SUBSTITUTE(SUBSTITUTE(SUBSTITUTE(X9,"~","~~"),"*","~*"),"?","~?")),0)=1,1,"")) | Z9: =IF(T9=1,MAX(Z$2:Z8)+1,"")
A10: =IF(A$2=0,"",IFERROR(TRIM(INDEX('Pegar calibracion'!$A$1:$BZ$1001,9,A$2)&""),"")) | B10: =IF(B$2=0,"",IFERROR(TRIM(INDEX('Pegar calibracion'!$A$1:$BZ$1001,9,B$2)&""),"")) | C10: =IF(C$2=0,"",IFERROR(TRIM(INDEX('Pegar calibracion'!$A$1:$BZ$1001,9,C$2)&""),"")) | D10: =IF(D$2=0,"",IFERROR(TRIM(INDEX('Pegar calibracion'!$A$1:$BZ$1001,9,D$2)&""),"")) | E10: =IF(E$2=0,"",IFERROR(TRIM(INDEX('Pegar calibracion'!$A$1:$BZ$1001,9,E$2)&""),"")) | F10: =IF(F$2=0,"",IFERROR(TRIM(INDEX('Pegar calibracion'!$A$1:$BZ$1001,9,F$2)&""),"")) | G10: =IF(G$2=0,"",IFERROR(TRIM(INDEX('Pegar calibracion'!$A$1:$BZ$1001,9,G$2)&""),"")) | H10: =IF(H$2=0,"",IFERROR(TRIM(INDEX('Pegar calibracion'!$A$1:$BZ$1001,9,H$2)&""),"")) | ... L10: =IF(L$2=0,"",IFERROR(TRIM(INDEX('Pegar calibracion'!$A$1:$BZ$1001,9,L$2)&""),"")) | M10: =IF(D10="","",SUBSTITUTE(SUBSTITUTE(SUBSTITUTE(SUBSTITUTE(SUBSTITUTE(SUBSTITUTE(SUBSTITUTE(SUBSTITUTE(SUBSTITUTE(SUBSTITUTE(SUBSTITUTE(SUBSTITUTE(LOWER(TRIM(D10)),"á","a"),"é","e"),"í","i"),"ó","o"),"ú","u"),"ü","u"),"ñ","n"),"à","a"),"è","e"),"ì","i"),"ò","o"),"ù","u")) | N10: =IF(F10="","",SUBSTITUTE(SUBSTITUTE(SUBSTITUTE(SUBSTITUTE(SUBSTITUTE(SUBSTITUTE(SUBSTITUTE(SUBSTITUTE(SUBSTITUTE(SUBSTITUTE(SUBSTITUTE(SUBSTITUTE(LOWER(TRIM(F10)),"á","a"),"é","e"),"í","i"),"ó","o"),"ú","u"),"ü","u"),"ñ","n"),"à","a"),"è","e"),"ì","i"),"ò","o"),"ù","u")) | O10: =IF(M10="confiable",2,IF(M10="dudosa",1,IF(M10="no confiable",0,""))) | P10: =IF(N10="confiable",2,IF(N10="dudosa",1,IF(N10="no confiable",0,""))) | Q10: =IF(AND(ISNUMBER(O10),ISNUMBER(P10)),1,"") | R10: =IF(Q10=1,IF(O10=P10,"Sí","No"),"") | S10: =IF(Q10=1,IF(P10<O10,"Más estricto",IF(P10>O10,"Más permisivo","Igual")),"") | T10: =IF(Q10=1,IF(ABS(O10-P10)=2,1,0),"") | U10: =IF(H10="","","|"&SUBSTITUTE(SUBSTITUTE(TRIM(H10)," |","|"),"| ","|")&"|") | V10: =IF(AND(Q10=1,B10<>""),IF(IFERROR(COUNTIFS(B$3:B10,"="&SUBSTITUTE(SUBSTITUTE(SUBSTITUTE(B10,"~","~~"),"*","~*"),"?","~?"),Q$3:Q10,1),0)=1,MAX(V$2:V9)+1,""),"") | W10: =IF(V10="","",COUNTIFS($B$3:$B$1002,"="&SUBSTITUTE(SUBSTITUTE(SUBSTITUTE(B10,"~","~~"),"*","~*"),"?","~?"),$Q$3:$Q$1002,1)*10000-V10) | X10: =IF(Q10=1,IF(SUBSTITUTE(SUBSTITUTE(SUBSTITUTE(SUBSTITUTE(SUBSTITUTE(SUBSTITUTE(SUBSTITUTE(SUBSTITUTE(SUBSTITUTE(SUBSTITUTE(SUBSTITUTE(SUBSTITUTE(LOWER(TRIM(A10)),"á","a"),"é","e"),"í","i"),"ó","o"),"ú","u"),"ü","u"),"ñ","n"),"à","a"),"è","e"),"ì","i"),"ò","o"),"ù","u")="","(sin apodo)",SUBSTITUTE(SUBSTITUTE(SUBSTITUTE(SUBSTITUTE(SUBSTITUTE(SUBSTITUTE(SUBSTITUTE(SUBSTITUTE(SUBSTITUTE(SUBSTITUTE(SUBSTITUTE(SUBSTITUTE(LOWER(TRIM(A10)),"á","a"),"é","e"),"í","i"),"ó","o"),"ú","u"),"ü","u"),"ñ","n"),"à","a"),"è","e"),"ì","i"),"ò","o"),"ù","u")),"") | Y10: =IF(X10="","",IF(IFERROR(COUNTIF(X$3:X10,"="&SUBSTITUTE(SUBSTITUTE(SUBSTITUTE(X10,"~","~~"),"*","~*"),"?","~?")),0)=1,1,"")) | Z10: =IF(T10=1,MAX(Z$2:Z9)+1,"")
A11: =IF(A$2=0,"",IFERROR(TRIM(INDEX('Pegar calibracion'!$A$1:$BZ$1001,10,A$2)&""),"")) | B11: =IF(B$2=0,"",IFERROR(TRIM(INDEX('Pegar calibracion'!$A$1:$BZ$1001,10,B$2)&""),"")) | C11: =IF(C$2=0,"",IFERROR(TRIM(INDEX('Pegar calibracion'!$A$1:$BZ$1001,10,C$2)&""),"")) | D11: =IF(D$2=0,"",IFERROR(TRIM(INDEX('Pegar calibracion'!$A$1:$BZ$1001,10,D$2)&""),"")) | E11: =IF(E$2=0,"",IFERROR(TRIM(INDEX('Pegar calibracion'!$A$1:$BZ$1001,10,E$2)&""),"")) | F11: =IF(F$2=0,"",IFERROR(TRIM(INDEX('Pegar calibracion'!$A$1:$BZ$1001,10,F$2)&""),"")) | G11: =IF(G$2=0,"",IFERROR(TRIM(INDEX('Pegar calibracion'!$A$1:$BZ$1001,10,G$2)&""),"")) | H11: =IF(H$2=0,"",IFERROR(TRIM(INDEX('Pegar calibracion'!$A$1:$BZ$1001,10,H$2)&""),"")) | ... L11: =IF(L$2=0,"",IFERROR(TRIM(INDEX('Pegar calibracion'!$A$1:$BZ$1001,10,L$2)&""),"")) | M11: =IF(D11="","",SUBSTITUTE(SUBSTITUTE(SUBSTITUTE(SUBSTITUTE(SUBSTITUTE(SUBSTITUTE(SUBSTITUTE(SUBSTITUTE(SUBSTITUTE(SUBSTITUTE(SUBSTITUTE(SUBSTITUTE(LOWER(TRIM(D11)),"á","a"),"é","e"),"í","i"),"ó","o"),"ú","u"),"ü","u"),"ñ","n"),"à","a"),"è","e"),"ì","i"),"ò","o"),"ù","u")) | N11: =IF(F11="","",SUBSTITUTE(SUBSTITUTE(SUBSTITUTE(SUBSTITUTE(SUBSTITUTE(SUBSTITUTE(SUBSTITUTE(SUBSTITUTE(SUBSTITUTE(SUBSTITUTE(SUBSTITUTE(SUBSTITUTE(LOWER(TRIM(F11)),"á","a"),"é","e"),"í","i"),"ó","o"),"ú","u"),"ü","u"),"ñ","n"),"à","a"),"è","e"),"ì","i"),"ò","o"),"ù","u")) | O11: =IF(M11="confiable",2,IF(M11="dudosa",1,IF(M11="no confiable",0,""))) | P11: =IF(N11="confiable",2,IF(N11="dudosa",1,IF(N11="no confiable",0,""))) | Q11: =IF(AND(ISNUMBER(O11),ISNUMBER(P11)),1,"") | R11: =IF(Q11=1,IF(O11=P11,"Sí","No"),"") | S11: =IF(Q11=1,IF(P11<O11,"Más estricto",IF(P11>O11,"Más permisivo","Igual")),"") | T11: =IF(Q11=1,IF(ABS(O11-P11)=2,1,0),"") | U11: =IF(H11="","","|"&SUBSTITUTE(SUBSTITUTE(TRIM(H11)," |","|"),"| ","|")&"|") | V11: =IF(AND(Q11=1,B11<>""),IF(IFERROR(COUNTIFS(B$3:B11,"="&SUBSTITUTE(SUBSTITUTE(SUBSTITUTE(B11,"~","~~"),"*","~*"),"?","~?"),Q$3:Q11,1),0)=1,MAX(V$2:V10)+1,""),"") | W11: =IF(V11="","",COUNTIFS($B$3:$B$1002,"="&SUBSTITUTE(SUBSTITUTE(SUBSTITUTE(B11,"~","~~"),"*","~*"),"?","~?"),$Q$3:$Q$1002,1)*10000-V11) | X11: =IF(Q11=1,IF(SUBSTITUTE(SUBSTITUTE(SUBSTITUTE(SUBSTITUTE(SUBSTITUTE(SUBSTITUTE(SUBSTITUTE(SUBSTITUTE(SUBSTITUTE(SUBSTITUTE(SUBSTITUTE(SUBSTITUTE(LOWER(TRIM(A11)),"á","a"),"é","e"),"í","i"),"ó","o"),"ú","u"),"ü","u"),"ñ","n"),"à","a"),"è","e"),"ì","i"),"ò","o"),"ù","u")="","(sin apodo)",SUBSTITUTE(SUBSTITUTE(SUBSTITUTE(SUBSTITUTE(SUBSTITUTE(SUBSTITUTE(SUBSTITUTE(SUBSTITUTE(SUBSTITUTE(SUBSTITUTE(SUBSTITUTE(SUBSTITUTE(LOWER(TRIM(A11)),"á","a"),"é","e"),"í","i"),"ó","o"),"ú","u"),"ü","u"),"ñ","n"),"à","a"),"è","e"),"ì","i"),"ò","o"),"ù","u")),"") | Y11: =IF(X11="","",IF(IFERROR(COUNTIF(X$3:X11,"="&SUBSTITUTE(SUBSTITUTE(SUBSTITUTE(X11,"~","~~"),"*","~*"),"?","~?")),0)=1,1,"")) | Z11: =IF(T11=1,MAX(Z$2:Z10)+1,"")
A12: =IF(A$2=0,"",IFERROR(TRIM(INDEX('Pegar calibracion'!$A$1:$BZ$1001,11,A$2)&""),"")) | B12: =IF(B$2=0,"",IFERROR(TRIM(INDEX('Pegar calibracion'!$A$1:$BZ$1001,11,B$2)&""),"")) | C12: =IF(C$2=0,"",IFERROR(TRIM(INDEX('Pegar calibracion'!$A$1:$BZ$1001,11,C$2)&""),"")) | D12: =IF(D$2=0,"",IFERROR(TRIM(INDEX('Pegar calibracion'!$A$1:$BZ$1001,11,D$2)&""),"")) | E12: =IF(E$2=0,"",IFERROR(TRIM(INDEX('Pegar calibracion'!$A$1:$BZ$1001,11,E$2)&""),"")) | F12: =IF(F$2=0,"",IFERROR(TRIM(INDEX('Pegar calibracion'!$A$1:$BZ$1001,11,F$2)&""),"")) | G12: =IF(G$2=0,"",IFERROR(TRIM(INDEX('Pegar calibracion'!$A$1:$BZ$1001,11,G$2)&""),"")) | H12: =IF(H$2=0,"",IFERROR(TRIM(INDEX('Pegar calibracion'!$A$1:$BZ$1001,11,H$2)&""),"")) | ... L12: =IF(L$2=0,"",IFERROR(TRIM(INDEX('Pegar calibracion'!$A$1:$BZ$1001,11,L$2)&""),"")) | M12: =IF(D12="","",SUBSTITUTE(SUBSTITUTE(SUBSTITUTE(SUBSTITUTE(SUBSTITUTE(SUBSTITUTE(SUBSTITUTE(SUBSTITUTE(SUBSTITUTE(SUBSTITUTE(SUBSTITUTE(SUBSTITUTE(LOWER(TRIM(D12)),"á","a"),"é","e"),"í","i"),"ó","o"),"ú","u"),"ü","u"),"ñ","n"),"à","a"),"è","e"),"ì","i"),"ò","o"),"ù","u")) | N12: =IF(F12="","",SUBSTITUTE(SUBSTITUTE(SUBSTITUTE(SUBSTITUTE(SUBSTITUTE(SUBSTITUTE(SUBSTITUTE(SUBSTITUTE(SUBSTITUTE(SUBSTITUTE(SUBSTITUTE(SUBSTITUTE(LOWER(TRIM(F12)),"á","a"),"é","e"),"í","i"),"ó","o"),"ú","u"),"ü","u"),"ñ","n"),"à","a"),"è","e"),"ì","i"),"ò","o"),"ù","u")) | O12: =IF(M12="confiable",2,IF(M12="dudosa",1,IF(M12="no confiable",0,""))) | P12: =IF(N12="confiable",2,IF(N12="dudosa",1,IF(N12="no confiable",0,""))) | Q12: =IF(AND(ISNUMBER(O12),ISNUMBER(P12)),1,"") | R12: =IF(Q12=1,IF(O12=P12,"Sí","No"),"") | S12: =IF(Q12=1,IF(P12<O12,"Más estricto",IF(P12>O12,"Más permisivo","Igual")),"") | T12: =IF(Q12=1,IF(ABS(O12-P12)=2,1,0),"") | U12: =IF(H12="","","|"&SUBSTITUTE(SUBSTITUTE(TRIM(H12)," |","|"),"| ","|")&"|") | V12: =IF(AND(Q12=1,B12<>""),IF(IFERROR(COUNTIFS(B$3:B12,"="&SUBSTITUTE(SUBSTITUTE(SUBSTITUTE(B12,"~","~~"),"*","~*"),"?","~?"),Q$3:Q12,1),0)=1,MAX(V$2:V11)+1,""),"") | W12: =IF(V12="","",COUNTIFS($B$3:$B$1002,"="&SUBSTITUTE(SUBSTITUTE(SUBSTITUTE(B12,"~","~~"),"*","~*"),"?","~?"),$Q$3:$Q$1002,1)*10000-V12) | X12: =IF(Q12=1,IF(SUBSTITUTE(SUBSTITUTE(SUBSTITUTE(SUBSTITUTE(SUBSTITUTE(SUBSTITUTE(SUBSTITUTE(SUBSTITUTE(SUBSTITUTE(SUBSTITUTE(SUBSTITUTE(SUBSTITUTE(LOWER(TRIM(A12)),"á","a"),"é","e"),"í","i"),"ó","o"),"ú","u"),"ü","u"),"ñ","n"),"à","a"),"è","e"),"ì","i"),"ò","o"),"ù","u")="","(sin apodo)",SUBSTITUTE(SUBSTITUTE(SUBSTITUTE(SUBSTITUTE(SUBSTITUTE(SUBSTITUTE(SUBSTITUTE(SUBSTITUTE(SUBSTITUTE(SUBSTITUTE(SUBSTITUTE(SUBSTITUTE(LOWER(TRIM(A12)),"á","a"),"é","e"),"í","i"),"ó","o"),"ú","u"),"ü","u"),"ñ","n"),"à","a"),"è","e"),"ì","i"),"ò","o"),"ù","u")),"") | Y12: =IF(X12="","",IF(IFERROR(COUNTIF(X$3:X12,"="&SUBSTITUTE(SUBSTITUTE(SUBSTITUTE(X12,"~","~~"),"*","~*"),"?","~?")),0)=1,1,"")) | Z12: =IF(T12=1,MAX(Z$2:Z11)+1,"")
A13: =IF(A$2=0,"",IFERROR(TRIM(INDEX('Pegar calibracion'!$A$1:$BZ$1001,12,A$2)&""),"")) | B13: =IF(B$2=0,"",IFERROR(TRIM(INDEX('Pegar calibracion'!$A$1:$BZ$1001,12,B$2)&""),"")) | C13: =IF(C$2=0,"",IFERROR(TRIM(INDEX('Pegar calibracion'!$A$1:$BZ$1001,12,C$2)&""),"")) | D13: =IF(D$2=0,"",IFERROR(TRIM(INDEX('Pegar calibracion'!$A$1:$BZ$1001,12,D$2)&""),"")) | E13: =IF(E$2=0,"",IFERROR(TRIM(INDEX('Pegar calibracion'!$A$1:$BZ$1001,12,E$2)&""),"")) | F13: =IF(F$2=0,"",IFERROR(TRIM(INDEX('Pegar calibracion'!$A$1:$BZ$1001,12,F$2)&""),"")) | G13: =IF(G$2=0,"",IFERROR(TRIM(INDEX('Pegar calibracion'!$A$1:$BZ$1001,12,G$2)&""),"")) | H13: =IF(H$2=0,"",IFERROR(TRIM(INDEX('Pegar calibracion'!$A$1:$BZ$1001,12,H$2)&""),"")) | ... L13: =IF(L$2=0,"",IFERROR(TRIM(INDEX('Pegar calibracion'!$A$1:$BZ$1001,12,L$2)&""),"")) | M13: =IF(D13="","",SUBSTITUTE(SUBSTITUTE(SUBSTITUTE(SUBSTITUTE(SUBSTITUTE(SUBSTITUTE(SUBSTITUTE(SUBSTITUTE(SUBSTITUTE(SUBSTITUTE(SUBSTITUTE(SUBSTITUTE(LOWER(TRIM(D13)),"á","a"),"é","e"),"í","i"),"ó","o"),"ú","u"),"ü","u"),"ñ","n"),"à","a"),"è","e"),"ì","i"),"ò","o"),"ù","u")) | N13: =IF(F13="","",SUBSTITUTE(SUBSTITUTE(SUBSTITUTE(SUBSTITUTE(SUBSTITUTE(SUBSTITUTE(SUBSTITUTE(SUBSTITUTE(SUBSTITUTE(SUBSTITUTE(SUBSTITUTE(SUBSTITUTE(LOWER(TRIM(F13)),"á","a"),"é","e"),"í","i"),"ó","o"),"ú","u"),"ü","u"),"ñ","n"),"à","a"),"è","e"),"ì","i"),"ò","o"),"ù","u")) | O13: =IF(M13="confiable",2,IF(M13="dudosa",1,IF(M13="no confiable",0,""))) | P13: =IF(N13="confiable",2,IF(N13="dudosa",1,IF(N13="no confiable",0,""))) | Q13: =IF(AND(ISNUMBER(O13),ISNUMBER(P13)),1,"") | R13: =IF(Q13=1,IF(O13=P13,"Sí","No"),"") | S13: =IF(Q13=1,IF(P13<O13,"Más estricto",IF(P13>O13,"Más permisivo","Igual")),"") | T13: =IF(Q13=1,IF(ABS(O13-P13)=2,1,0),"") | U13: =IF(H13="","","|"&SUBSTITUTE(SUBSTITUTE(TRIM(H13)," |","|"),"| ","|")&"|") | V13: =IF(AND(Q13=1,B13<>""),IF(IFERROR(COUNTIFS(B$3:B13,"="&SUBSTITUTE(SUBSTITUTE(SUBSTITUTE(B13,"~","~~"),"*","~*"),"?","~?"),Q$3:Q13,1),0)=1,MAX(V$2:V12)+1,""),"") | W13: =IF(V13="","",COUNTIFS($B$3:$B$1002,"="&SUBSTITUTE(SUBSTITUTE(SUBSTITUTE(B13,"~","~~"),"*","~*"),"?","~?"),$Q$3:$Q$1002,1)*10000-V13) | X13: =IF(Q13=1,IF(SUBSTITUTE(SUBSTITUTE(SUBSTITUTE(SUBSTITUTE(SUBSTITUTE(SUBSTITUTE(SUBSTITUTE(SUBSTITUTE(SUBSTITUTE(SUBSTITUTE(SUBSTITUTE(SUBSTITUTE(LOWER(TRIM(A13)),"á","a"),"é","e"),"í","i"),"ó","o"),"ú","u"),"ü","u"),"ñ","n"),"à","a"),"è","e"),"ì","i"),"ò","o"),"ù","u")="","(sin apodo)",SUBSTITUTE(SUBSTITUTE(SUBSTITUTE(SUBSTITUTE(SUBSTITUTE(SUBSTITUTE(SUBSTITUTE(SUBSTITUTE(SUBSTITUTE(SUBSTITUTE(SUBSTITUTE(SUBSTITUTE(LOWER(TRIM(A13)),"á","a"),"é","e"),"í","i"),"ó","o"),"ú","u"),"ü","u"),"ñ","n"),"à","a"),"è","e"),"ì","i"),"ò","o"),"ù","u")),"") | Y13: =IF(X13="","",IF(IFERROR(COUNTIF(X$3:X13,"="&SUBSTITUTE(SUBSTITUTE(SUBSTITUTE(X13,"~","~~"),"*","~*"),"?","~?")),0)=1,1,"")) | Z13: =IF(T13=1,MAX(Z$2:Z12)+1,"")
A14: =IF(A$2=0,"",IFERROR(TRIM(INDEX('Pegar calibracion'!$A$1:$BZ$1001,13,A$2)&""),"")) | B14: =IF(B$2=0,"",IFERROR(TRIM(INDEX('Pegar calibracion'!$A$1:$BZ$1001,13,B$2)&""),"")) | C14: =IF(C$2=0,"",IFERROR(TRIM(INDEX('Pegar calibracion'!$A$1:$BZ$1001,13,C$2)&""),"")) | D14: =IF(D$2=0,"",IFERROR(TRIM(INDEX('Pegar calibracion'!$A$1:$BZ$1001,13,D$2)&""),"")) | E14: =IF(E$2=0,"",IFERROR(TRIM(INDEX('Pegar calibracion'!$A$1:$BZ$1001,13,E$2)&""),"")) | F14: =IF(F$2=0,"",IFERROR(TRIM(INDEX('Pegar calibracion'!$A$1:$BZ$1001,13,F$2)&""),"")) | G14: =IF(G$2=0,"",IFERROR(TRIM(INDEX('Pegar calibracion'!$A$1:$BZ$1001,13,G$2)&""),"")) | H14: =IF(H$2=0,"",IFERROR(TRIM(INDEX('Pegar calibracion'!$A$1:$BZ$1001,13,H$2)&""),"")) | ... L14: =IF(L$2=0,"",IFERROR(TRIM(INDEX('Pegar calibracion'!$A$1:$BZ$1001,13,L$2)&""),"")) | M14: =IF(D14="","",SUBSTITUTE(SUBSTITUTE(SUBSTITUTE(SUBSTITUTE(SUBSTITUTE(SUBSTITUTE(SUBSTITUTE(SUBSTITUTE(SUBSTITUTE(SUBSTITUTE(SUBSTITUTE(SUBSTITUTE(LOWER(TRIM(D14)),"á","a"),"é","e"),"í","i"),"ó","o"),"ú","u"),"ü","u"),"ñ","n"),"à","a"),"è","e"),"ì","i"),"ò","o"),"ù","u")) | N14: =IF(F14="","",SUBSTITUTE(SUBSTITUTE(SUBSTITUTE(SUBSTITUTE(SUBSTITUTE(SUBSTITUTE(SUBSTITUTE(SUBSTITUTE(SUBSTITUTE(SUBSTITUTE(SUBSTITUTE(SUBSTITUTE(LOWER(TRIM(F14)),"á","a"),"é","e"),"í","i"),"ó","o"),"ú","u"),"ü","u"),"ñ","n"),"à","a"),"è","e"),"ì","i"),"ò","o"),"ù","u")) | O14: =IF(M14="confiable",2,IF(M14="dudosa",1,IF(M14="no confiable",0,""))) | P14: =IF(N14="confiable",2,IF(N14="dudosa",1,IF(N14="no confiable",0,""))) | Q14: =IF(AND(ISNUMBER(O14),ISNUMBER(P14)),1,"") | R14: =IF(Q14=1,IF(O14=P14,"Sí","No"),"") | S14: =IF(Q14=1,IF(P14<O14,"Más estricto",IF(P14>O14,"Más permisivo","Igual")),"") | T14: =IF(Q14=1,IF(ABS(O14-P14)=2,1,0),"") | U14: =IF(H14="","","|"&SUBSTITUTE(SUBSTITUTE(TRIM(H14)," |","|"),"| ","|")&"|") | V14: =IF(AND(Q14=1,B14<>""),IF(IFERROR(COUNTIFS(B$3:B14,"="&SUBSTITUTE(SUBSTITUTE(SUBSTITUTE(B14,"~","~~"),"*","~*"),"?","~?"),Q$3:Q14,1),0)=1,MAX(V$2:V13)+1,""),"") | W14: =IF(V14="","",COUNTIFS($B$3:$B$1002,"="&SUBSTITUTE(SUBSTITUTE(SUBSTITUTE(B14,"~","~~"),"*","~*"),"?","~?"),$Q$3:$Q$1002,1)*10000-V14) | X14: =IF(Q14=1,IF(SUBSTITUTE(SUBSTITUTE(SUBSTITUTE(SUBSTITUTE(SUBSTITUTE(SUBSTITUTE(SUBSTITUTE(SUBSTITUTE(SUBSTITUTE(SUBSTITUTE(SUBSTITUTE(SUBSTITUTE(LOWER(TRIM(A14)),"á","a"),"é","e"),"í","i"),"ó","o"),"ú","u"),"ü","u"),"ñ","n"),"à","a"),"è","e"),"ì","i"),"ò","o"),"ù","u")="","(sin apodo)",SUBSTITUTE(SUBSTITUTE(SUBSTITUTE(SUBSTITUTE(SUBSTITUTE(SUBSTITUTE(SUBSTITUTE(SUBSTITUTE(SUBSTITUTE(SUBSTITUTE(SUBSTITUTE(SUBSTITUTE(LOWER(TRIM(A14)),"á","a"),"é","e"),"í","i"),"ó","o"),"ú","u"),"ü","u"),"ñ","n"),"à","a"),"è","e"),"ì","i"),"ò","o"),"ù","u")),"") | Y14: =IF(X14="","",IF(IFERROR(COUNTIF(X$3:X14,"="&SUBSTITUTE(SUBSTITUTE(SUBSTITUTE(X14,"~","~~"),"*","~*"),"?","~?")),0)=1,1,"")) | Z14: =IF(T14=1,MAX(Z$2:Z13)+1,"")
A15: =IF(A$2=0,"",IFERROR(TRIM(INDEX('Pegar calibracion'!$A$1:$BZ$1001,14,A$2)&""),"")) | B15: =IF(B$2=0,"",IFERROR(TRIM(INDEX('Pegar calibracion'!$A$1:$BZ$1001,14,B$2)&""),"")) | C15: =IF(C$2=0,"",IFERROR(TRIM(INDEX('Pegar calibracion'!$A$1:$BZ$1001,14,C$2)&""),"")) | D15: =IF(D$2=0,"",IFERROR(TRIM(INDEX('Pegar calibracion'!$A$1:$BZ$1001,14,D$2)&""),"")) | E15: =IF(E$2=0,"",IFERROR(TRIM(INDEX('Pegar calibracion'!$A$1:$BZ$1001,14,E$2)&""),"")) | F15: =IF(F$2=0,"",IFERROR(TRIM(INDEX('Pegar calibracion'!$A$1:$BZ$1001,14,F$2)&""),"")) | G15: =IF(G$2=0,"",IFERROR(TRIM(INDEX('Pegar calibracion'!$A$1:$BZ$1001,14,G$2)&""),"")) | H15: =IF(H$2=0,"",IFERROR(TRIM(INDEX('Pegar calibracion'!$A$1:$BZ$1001,14,H$2)&""),"")) | ... L15: =IF(L$2=0,"",IFERROR(TRIM(INDEX('Pegar calibracion'!$A$1:$BZ$1001,14,L$2)&""),"")) | M15: =IF(D15="","",SUBSTITUTE(SUBSTITUTE(SUBSTITUTE(SUBSTITUTE(SUBSTITUTE(SUBSTITUTE(SUBSTITUTE(SUBSTITUTE(SUBSTITUTE(SUBSTITUTE(SUBSTITUTE(SUBSTITUTE(LOWER(TRIM(D15)),"á","a"),"é","e"),"í","i"),"ó","o"),"ú","u"),"ü","u"),"ñ","n"),"à","a"),"è","e"),"ì","i"),"ò","o"),"ù","u")) | N15: =IF(F15="","",SUBSTITUTE(SUBSTITUTE(SUBSTITUTE(SUBSTITUTE(SUBSTITUTE(SUBSTITUTE(SUBSTITUTE(SUBSTITUTE(SUBSTITUTE(SUBSTITUTE(SUBSTITUTE(SUBSTITUTE(LOWER(TRIM(F15)),"á","a"),"é","e"),"í","i"),"ó","o"),"ú","u"),"ü","u"),"ñ","n"),"à","a"),"è","e"),"ì","i"),"ò","o"),"ù","u")) | O15: =IF(M15="confiable",2,IF(M15="dudosa",1,IF(M15="no confiable",0,""))) | P15: =IF(N15="confiable",2,IF(N15="dudosa",1,IF(N15="no confiable",0,""))) | Q15: =IF(AND(ISNUMBER(O15),ISNUMBER(P15)),1,"") | R15: =IF(Q15=1,IF(O15=P15,"Sí","No"),"") | S15: =IF(Q15=1,IF(P15<O15,"Más estricto",IF(P15>O15,"Más permisivo","Igual")),"") | T15: =IF(Q15=1,IF(ABS(O15-P15)=2,1,0),"") | U15: =IF(H15="","","|"&SUBSTITUTE(SUBSTITUTE(TRIM(H15)," |","|"),"| ","|")&"|") | V15: =IF(AND(Q15=1,B15<>""),IF(IFERROR(COUNTIFS(B$3:B15,"="&SUBSTITUTE(SUBSTITUTE(SUBSTITUTE(B15,"~","~~"),"*","~*"),"?","~?"),Q$3:Q15,1),0)=1,MAX(V$2:V14)+1,""),"") | W15: =IF(V15="","",COUNTIFS($B$3:$B$1002,"="&SUBSTITUTE(SUBSTITUTE(SUBSTITUTE(B15,"~","~~"),"*","~*"),"?","~?"),$Q$3:$Q$1002,1)*10000-V15) | X15: =IF(Q15=1,IF(SUBSTITUTE(SUBSTITUTE(SUBSTITUTE(SUBSTITUTE(SUBSTITUTE(SUBSTITUTE(SUBSTITUTE(SUBSTITUTE(SUBSTITUTE(SUBSTITUTE(SUBSTITUTE(SUBSTITUTE(LOWER(TRIM(A15)),"á","a"),"é","e"),"í","i"),"ó","o"),"ú","u"),"ü","u"),"ñ","n"),"à","a"),"è","e"),"ì","i"),"ò","o"),"ù","u")="","(sin apodo)",SUBSTITUTE(SUBSTITUTE(SUBSTITUTE(SUBSTITUTE(SUBSTITUTE(SUBSTITUTE(SUBSTITUTE(SUBSTITUTE(SUBSTITUTE(SUBSTITUTE(SUBSTITUTE(SUBSTITUTE(LOWER(TRIM(A15)),"á","a"),"é","e"),"í","i"),"ó","o"),"ú","u"),"ü","u"),"ñ","n"),"à","a"),"è","e"),"ì","i"),"ò","o"),"ù","u")),"") | Y15: =IF(X15="","",IF(IFERROR(COUNTIF(X$3:X15,"="&SUBSTITUTE(SUBSTITUTE(SUBSTITUTE(X15,"~","~~"),"*","~*"),"?","~?")),0)=1,1,"")) | Z15: =IF(T15=1,MAX(Z$2:Z14)+1,"")
A16: =IF(A$2=0,"",IFERROR(TRIM(INDEX('Pegar calibracion'!$A$1:$BZ$1001,15,A$2)&""),"")) | B16: =IF(B$2=0,"",IFERROR(TRIM(INDEX('Pegar calibracion'!$A$1:$BZ$1001,15,B$2)&""),"")) | C16: =IF(C$2=0,"",IFERROR(TRIM(INDEX('Pegar calibracion'!$A$1:$BZ$1001,15,C$2)&""),"")) | D16: =IF(D$2=0,"",IFERROR(TRIM(INDEX('Pegar calibracion'!$A$1:$BZ$1001,15,D$2)&""),"")) | E16: =IF(E$2=0,"",IFERROR(TRIM(INDEX('Pegar calibracion'!$A$1:$BZ$1001,15,E$2)&""),"")) | F16: =IF(F$2=0,"",IFERROR(TRIM(INDEX('Pegar calibracion'!$A$1:$BZ$1001,15,F$2)&""),"")) | G16: =IF(G$2=0,"",IFERROR(TRIM(INDEX('Pegar calibracion'!$A$1:$BZ$1001,15,G$2)&""),"")) | H16: =IF(H$2=0,"",IFERROR(TRIM(INDEX('Pegar calibracion'!$A$1:$BZ$1001,15,H$2)&""),"")) | ... L16: =IF(L$2=0,"",IFERROR(TRIM(INDEX('Pegar calibracion'!$A$1:$BZ$1001,15,L$2)&""),"")) | M16: =IF(D16="","",SUBSTITUTE(SUBSTITUTE(SUBSTITUTE(SUBSTITUTE(SUBSTITUTE(SUBSTITUTE(SUBSTITUTE(SUBSTITUTE(SUBSTITUTE(SUBSTITUTE(SUBSTITUTE(SUBSTITUTE(LOWER(TRIM(D16)),"á","a"),"é","e"),"í","i"),"ó","o"),"ú","u"),"ü","u"),"ñ","n"),"à","a"),"è","e"),"ì","i"),"ò","o"),"ù","u")) | N16: =IF(F16="","",SUBSTITUTE(SUBSTITUTE(SUBSTITUTE(SUBSTITUTE(SUBSTITUTE(SUBSTITUTE(SUBSTITUTE(SUBSTITUTE(SUBSTITUTE(SUBSTITUTE(SUBSTITUTE(SUBSTITUTE(LOWER(TRIM(F16)),"á","a"),"é","e"),"í","i"),"ó","o"),"ú","u"),"ü","u"),"ñ","n"),"à","a"),"è","e"),"ì","i"),"ò","o"),"ù","u")) | O16: =IF(M16="confiable",2,IF(M16="dudosa",1,IF(M16="no confiable",0,""))) | P16: =IF(N16="confiable",2,IF(N16="dudosa",1,IF(N16="no confiable",0,""))) | Q16: =IF(AND(ISNUMBER(O16),ISNUMBER(P16)),1,"") | R16: =IF(Q16=1,IF(O16=P16,"Sí","No"),"") | S16: =IF(Q16=1,IF(P16<O16,"Más estricto",IF(P16>O16,"Más permisivo","Igual")),"") | T16: =IF(Q16=1,IF(ABS(O16-P16)=2,1,0),"") | U16: =IF(H16="","","|"&SUBSTITUTE(SUBSTITUTE(TRIM(H16)," |","|"),"| ","|")&"|") | V16: =IF(AND(Q16=1,B16<>""),IF(IFERROR(COUNTIFS(B$3:B16,"="&SUBSTITUTE(SUBSTITUTE(SUBSTITUTE(B16,"~","~~"),"*","~*"),"?","~?"),Q$3:Q16,1),0)=1,MAX(V$2:V15)+1,""),"") | W16: =IF(V16="","",COUNTIFS($B$3:$B$1002,"="&SUBSTITUTE(SUBSTITUTE(SUBSTITUTE(B16,"~","~~"),"*","~*"),"?","~?"),$Q$3:$Q$1002,1)*10000-V16) | X16: =IF(Q16=1,IF(SUBSTITUTE(SUBSTITUTE(SUBSTITUTE(SUBSTITUTE(SUBSTITUTE(SUBSTITUTE(SUBSTITUTE(SUBSTITUTE(SUBSTITUTE(SUBSTITUTE(SUBSTITUTE(SUBSTITUTE(LOWER(TRIM(A16)),"á","a"),"é","e"),"í","i"),"ó","o"),"ú","u"),"ü","u"),"ñ","n"),"à","a"),"è","e"),"ì","i"),"ò","o"),"ù","u")="","(sin apodo)",SUBSTITUTE(SUBSTITUTE(SUBSTITUTE(SUBSTITUTE(SUBSTITUTE(SUBSTITUTE(SUBSTITUTE(SUBSTITUTE(SUBSTITUTE(SUBSTITUTE(SUBSTITUTE(SUBSTITUTE(LOWER(TRIM(A16)),"á","a"),"é","e"),"í","i"),"ó","o"),"ú","u"),"ü","u"),"ñ","n"),"à","a"),"è","e"),"ì","i"),"ò","o"),"ù","u")),"") | Y16: =IF(X16="","",IF(IFERROR(COUNTIF(X$3:X16,"="&SUBSTITUTE(SUBSTITUTE(SUBSTITUTE(X16,"~","~~"),"*","~*"),"?","~?")),0)=1,1,"")) | Z16: =IF(T16=1,MAX(Z$2:Z15)+1,"")
A17: =IF(A$2=0,"",IFERROR(TRIM(INDEX('Pegar calibracion'!$A$1:$BZ$1001,16,A$2)&""),"")) | B17: =IF(B$2=0,"",IFERROR(TRIM(INDEX('Pegar calibracion'!$A$1:$BZ$1001,16,B$2)&""),"")) | C17: =IF(C$2=0,"",IFERROR(TRIM(INDEX('Pegar calibracion'!$A$1:$BZ$1001,16,C$2)&""),"")) | D17: =IF(D$2=0,"",IFERROR(TRIM(INDEX('Pegar calibracion'!$A$1:$BZ$1001,16,D$2)&""),"")) | E17: =IF(E$2=0,"",IFERROR(TRIM(INDEX('Pegar calibracion'!$A$1:$BZ$1001,16,E$2)&""),"")) | F17: =IF(F$2=0,"",IFERROR(TRIM(INDEX('Pegar calibracion'!$A$1:$BZ$1001,16,F$2)&""),"")) | G17: =IF(G$2=0,"",IFERROR(TRIM(INDEX('Pegar calibracion'!$A$1:$BZ$1001,16,G$2)&""),"")) | H17: =IF(H$2=0,"",IFERROR(TRIM(INDEX('Pegar calibracion'!$A$1:$BZ$1001,16,H$2)&""),"")) | ... L17: =IF(L$2=0,"",IFERROR(TRIM(INDEX('Pegar calibracion'!$A$1:$BZ$1001,16,L$2)&""),"")) | M17: =IF(D17="","",SUBSTITUTE(SUBSTITUTE(SUBSTITUTE(SUBSTITUTE(SUBSTITUTE(SUBSTITUTE(SUBSTITUTE(SUBSTITUTE(SUBSTITUTE(SUBSTITUTE(SUBSTITUTE(SUBSTITUTE(LOWER(TRIM(D17)),"á","a"),"é","e"),"í","i"),"ó","o"),"ú","u"),"ü","u"),"ñ","n"),"à","a"),"è","e"),"ì","i"),"ò","o"),"ù","u")) | N17: =IF(F17="","",SUBSTITUTE(SUBSTITUTE(SUBSTITUTE(SUBSTITUTE(SUBSTITUTE(SUBSTITUTE(SUBSTITUTE(SUBSTITUTE(SUBSTITUTE(SUBSTITUTE(SUBSTITUTE(SUBSTITUTE(LOWER(TRIM(F17)),"á","a"),"é","e"),"í","i"),"ó","o"),"ú","u"),"ü","u"),"ñ","n"),"à","a"),"è","e"),"ì","i"),"ò","o"),"ù","u")) | O17: =IF(M17="confiable",2,IF(M17="dudosa",1,IF(M17="no confiable",0,""))) | P17: =IF(N17="confiable",2,IF(N17="dudosa",1,IF(N17="no confiable",0,""))) | Q17: =IF(AND(ISNUMBER(O17),ISNUMBER(P17)),1,"") | R17: =IF(Q17=1,IF(O17=P17,"Sí","No"),"") | S17: =IF(Q17=1,IF(P17<O17,"Más estricto",IF(P17>O17,"Más permisivo","Igual")),"") | T17: =IF(Q17=1,IF(ABS(O17-P17)=2,1,0),"") | U17: =IF(H17="","","|"&SUBSTITUTE(SUBSTITUTE(TRIM(H17)," |","|"),"| ","|")&"|") | V17: =IF(AND(Q17=1,B17<>""),IF(IFERROR(COUNTIFS(B$3:B17,"="&SUBSTITUTE(SUBSTITUTE(SUBSTITUTE(B17,"~","~~"),"*","~*"),"?","~?"),Q$3:Q17,1),0)=1,MAX(V$2:V16)+1,""),"") | W17: =IF(V17="","",COUNTIFS($B$3:$B$1002,"="&SUBSTITUTE(SUBSTITUTE(SUBSTITUTE(B17,"~","~~"),"*","~*"),"?","~?"),$Q$3:$Q$1002,1)*10000-V17) | X17: =IF(Q17=1,IF(SUBSTITUTE(SUBSTITUTE(SUBSTITUTE(SUBSTITUTE(SUBSTITUTE(SUBSTITUTE(SUBSTITUTE(SUBSTITUTE(SUBSTITUTE(SUBSTITUTE(SUBSTITUTE(SUBSTITUTE(LOWER(TRIM(A17)),"á","a"),"é","e"),"í","i"),"ó","o"),"ú","u"),"ü","u"),"ñ","n"),"à","a"),"è","e"),"ì","i"),"ò","o"),"ù","u")="","(sin apodo)",SUBSTITUTE(SUBSTITUTE(SUBSTITUTE(SUBSTITUTE(SUBSTITUTE(SUBSTITUTE(SUBSTITUTE(SUBSTITUTE(SUBSTITUTE(SUBSTITUTE(SUBSTITUTE(SUBSTITUTE(LOWER(TRIM(A17)),"á","a"),"é","e"),"í","i"),"ó","o"),"ú","u"),"ü","u"),"ñ","n"),"à","a"),"è","e"),"ì","i"),"ò","o"),"ù","u")),"") | Y17: =IF(X17="","",IF(IFERROR(COUNTIF(X$3:X17,"="&SUBSTITUTE(SUBSTITUTE(SUBSTITUTE(X17,"~","~~"),"*","~*"),"?","~?")),0)=1,1,"")) | Z17: =IF(T17=1,MAX(Z$2:Z16)+1,"")
A18: =IF(A$2=0,"",IFERROR(TRIM(INDEX('Pegar calibracion'!$A$1:$BZ$1001,17,A$2)&""),"")) | B18: =IF(B$2=0,"",IFERROR(TRIM(INDEX('Pegar calibracion'!$A$1:$BZ$1001,17,B$2)&""),"")) | C18: =IF(C$2=0,"",IFERROR(TRIM(INDEX('Pegar calibracion'!$A$1:$BZ$1001,17,C$2)&""),"")) | D18: =IF(D$2=0,"",IFERROR(TRIM(INDEX('Pegar calibracion'!$A$1:$BZ$1001,17,D$2)&""),"")) | E18: =IF(E$2=0,"",IFERROR(TRIM(INDEX('Pegar calibracion'!$A$1:$BZ$1001,17,E$2)&""),"")) | F18: =IF(F$2=0,"",IFERROR(TRIM(INDEX('Pegar calibracion'!$A$1:$BZ$1001,17,F$2)&""),"")) | G18: =IF(G$2=0,"",IFERROR(TRIM(INDEX('Pegar calibracion'!$A$1:$BZ$1001,17,G$2)&""),"")) | H18: =IF(H$2=0,"",IFERROR(TRIM(INDEX('Pegar calibracion'!$A$1:$BZ$1001,17,H$2)&""),"")) | ... L18: =IF(L$2=0,"",IFERROR(TRIM(INDEX('Pegar calibracion'!$A$1:$BZ$1001,17,L$2)&""),"")) | M18: =IF(D18="","",SUBSTITUTE(SUBSTITUTE(SUBSTITUTE(SUBSTITUTE(SUBSTITUTE(SUBSTITUTE(SUBSTITUTE(SUBSTITUTE(SUBSTITUTE(SUBSTITUTE(SUBSTITUTE(SUBSTITUTE(LOWER(TRIM(D18)),"á","a"),"é","e"),"í","i"),"ó","o"),"ú","u"),"ü","u"),"ñ","n"),"à","a"),"è","e"),"ì","i"),"ò","o"),"ù","u")) | N18: =IF(F18="","",SUBSTITUTE(SUBSTITUTE(SUBSTITUTE(SUBSTITUTE(SUBSTITUTE(SUBSTITUTE(SUBSTITUTE(SUBSTITUTE(SUBSTITUTE(SUBSTITUTE(SUBSTITUTE(SUBSTITUTE(LOWER(TRIM(F18)),"á","a"),"é","e"),"í","i"),"ó","o"),"ú","u"),"ü","u"),"ñ","n"),"à","a"),"è","e"),"ì","i"),"ò","o"),"ù","u")) | O18: =IF(M18="confiable",2,IF(M18="dudosa",1,IF(M18="no confiable",0,""))) | P18: =IF(N18="confiable",2,IF(N18="dudosa",1,IF(N18="no confiable",0,""))) | Q18: =IF(AND(ISNUMBER(O18),ISNUMBER(P18)),1,"") | R18: =IF(Q18=1,IF(O18=P18,"Sí","No"),"") | S18: =IF(Q18=1,IF(P18<O18,"Más estricto",IF(P18>O18,"Más permisivo","Igual")),"") | T18: =IF(Q18=1,IF(ABS(O18-P18)=2,1,0),"") | U18: =IF(H18="","","|"&SUBSTITUTE(SUBSTITUTE(TRIM(H18)," |","|"),"| ","|")&"|") | V18: =IF(AND(Q18=1,B18<>""),IF(IFERROR(COUNTIFS(B$3:B18,"="&SUBSTITUTE(SUBSTITUTE(SUBSTITUTE(B18,"~","~~"),"*","~*"),"?","~?"),Q$3:Q18,1),0)=1,MAX(V$2:V17)+1,""),"") | W18: =IF(V18="","",COUNTIFS($B$3:$B$1002,"="&SUBSTITUTE(SUBSTITUTE(SUBSTITUTE(B18,"~","~~"),"*","~*"),"?","~?"),$Q$3:$Q$1002,1)*10000-V18) | X18: =IF(Q18=1,IF(SUBSTITUTE(SUBSTITUTE(SUBSTITUTE(SUBSTITUTE(SUBSTITUTE(SUBSTITUTE(SUBSTITUTE(SUBSTITUTE(SUBSTITUTE(SUBSTITUTE(SUBSTITUTE(SUBSTITUTE(LOWER(TRIM(A18)),"á","a"),"é","e"),"í","i"),"ó","o"),"ú","u"),"ü","u"),"ñ","n"),"à","a"),"è","e"),"ì","i"),"ò","o"),"ù","u")="","(sin apodo)",SUBSTITUTE(SUBSTITUTE(SUBSTITUTE(SUBSTITUTE(SUBSTITUTE(SUBSTITUTE(SUBSTITUTE(SUBSTITUTE(SUBSTITUTE(SUBSTITUTE(SUBSTITUTE(SUBSTITUTE(LOWER(TRIM(A18)),"á","a"),"é","e"),"í","i"),"ó","o"),"ú","u"),"ü","u"),"ñ","n"),"à","a"),"è","e"),"ì","i"),"ò","o"),"ù","u")),"") | Y18: =IF(X18="","",IF(IFERROR(COUNTIF(X$3:X18,"="&SUBSTITUTE(SUBSTITUTE(SUBSTITUTE(X18,"~","~~"),"*","~*"),"?","~?")),0)=1,1,"")) | Z18: =IF(T18=1,MAX(Z$2:Z17)+1,"")
A19: =IF(A$2=0,"",IFERROR(TRIM(INDEX('Pegar calibracion'!$A$1:$BZ$1001,18,A$2)&""),"")) | B19: =IF(B$2=0,"",IFERROR(TRIM(INDEX('Pegar calibracion'!$A$1:$BZ$1001,18,B$2)&""),"")) | C19: =IF(C$2=0,"",IFERROR(TRIM(INDEX('Pegar calibracion'!$A$1:$BZ$1001,18,C$2)&""),"")) | D19: =IF(D$2=0,"",IFERROR(TRIM(INDEX('Pegar calibracion'!$A$1:$BZ$1001,18,D$2)&""),"")) | E19: =IF(E$2=0,"",IFERROR(TRIM(INDEX('Pegar calibracion'!$A$1:$BZ$1001,18,E$2)&""),"")) | F19: =IF(F$2=0,"",IFERROR(TRIM(INDEX('Pegar calibracion'!$A$1:$BZ$1001,18,F$2)&""),"")) | G19: =IF(G$2=0,"",IFERROR(TRIM(INDEX('Pegar calibracion'!$A$1:$BZ$1001,18,G$2)&""),"")) | H19: =IF(H$2=0,"",IFERROR(TRIM(INDEX('Pegar calibracion'!$A$1:$BZ$1001,18,H$2)&""),"")) | ... L19: =IF(L$2=0,"",IFERROR(TRIM(INDEX('Pegar calibracion'!$A$1:$BZ$1001,18,L$2)&""),"")) | M19: =IF(D19="","",SUBSTITUTE(SUBSTITUTE(SUBSTITUTE(SUBSTITUTE(SUBSTITUTE(SUBSTITUTE(SUBSTITUTE(SUBSTITUTE(SUBSTITUTE(SUBSTITUTE(SUBSTITUTE(SUBSTITUTE(LOWER(TRIM(D19)),"á","a"),"é","e"),"í","i"),"ó","o"),"ú","u"),"ü","u"),"ñ","n"),"à","a"),"è","e"),"ì","i"),"ò","o"),"ù","u")) | N19: =IF(F19="","",SUBSTITUTE(SUBSTITUTE(SUBSTITUTE(SUBSTITUTE(SUBSTITUTE(SUBSTITUTE(SUBSTITUTE(SUBSTITUTE(SUBSTITUTE(SUBSTITUTE(SUBSTITUTE(SUBSTITUTE(LOWER(TRIM(F19)),"á","a"),"é","e"),"í","i"),"ó","o"),"ú","u"),"ü","u"),"ñ","n"),"à","a"),"è","e"),"ì","i"),"ò","o"),"ù","u")) | O19: =IF(M19="confiable",2,IF(M19="dudosa",1,IF(M19="no confiable",0,""))) | P19: =IF(N19="confiable",2,IF(N19="dudosa",1,IF(N19="no confiable",0,""))) | Q19: =IF(AND(ISNUMBER(O19),ISNUMBER(P19)),1,"") | R19: =IF(Q19=1,IF(O19=P19,"Sí","No"),"") | S19: =IF(Q19=1,IF(P19<O19,"Más estricto",IF(P19>O19,"Más permisivo","Igual")),"") | T19: =IF(Q19=1,IF(ABS(O19-P19)=2,1,0),"") | U19: =IF(H19="","","|"&SUBSTITUTE(SUBSTITUTE(TRIM(H19)," |","|"),"| ","|")&"|") | V19: =IF(AND(Q19=1,B19<>""),IF(IFERROR(COUNTIFS(B$3:B19,"="&SUBSTITUTE(SUBSTITUTE(SUBSTITUTE(B19,"~","~~"),"*","~*"),"?","~?"),Q$3:Q19,1),0)=1,MAX(V$2:V18)+1,""),"") | W19: =IF(V19="","",COUNTIFS($B$3:$B$1002,"="&SUBSTITUTE(SUBSTITUTE(SUBSTITUTE(B19,"~","~~"),"*","~*"),"?","~?"),$Q$3:$Q$1002,1)*10000-V19) | X19: =IF(Q19=1,IF(SUBSTITUTE(SUBSTITUTE(SUBSTITUTE(SUBSTITUTE(SUBSTITUTE(SUBSTITUTE(SUBSTITUTE(SUBSTITUTE(SUBSTITUTE(SUBSTITUTE(SUBSTITUTE(SUBSTITUTE(LOWER(TRIM(A19)),"á","a"),"é","e"),"í","i"),"ó","o"),"ú","u"),"ü","u"),"ñ","n"),"à","a"),"è","e"),"ì","i"),"ò","o"),"ù","u")="","(sin apodo)",SUBSTITUTE(SUBSTITUTE(SUBSTITUTE(SUBSTITUTE(SUBSTITUTE(SUBSTITUTE(SUBSTITUTE(SUBSTITUTE(SUBSTITUTE(SUBSTITUTE(SUBSTITUTE(SUBSTITUTE(LOWER(TRIM(A19)),"á","a"),"é","e"),"í","i"),"ó","o"),"ú","u"),"ü","u"),"ñ","n"),"à","a"),"è","e"),"ì","i"),"ò","o"),"ù","u")),"") | Y19: =IF(X19="","",IF(IFERROR(COUNTIF(X$3:X19,"="&SUBSTITUTE(SUBSTITUTE(SUBSTITUTE(X19,"~","~~"),"*","~*"),"?","~?")),0)=1,1,"")) | Z19: =IF(T19=1,MAX(Z$2:Z18)+1,"")
A20: =IF(A$2=0,"",IFERROR(TRIM(INDEX('Pegar calibracion'!$A$1:$BZ$1001,19,A$2)&""),"")) | B20: =IF(B$2=0,"",IFERROR(TRIM(INDEX('Pegar calibracion'!$A$1:$BZ$1001,19,B$2)&""),"")) | C20: =IF(C$2=0,"",IFERROR(TRIM(INDEX('Pegar calibracion'!$A$1:$BZ$1001,19,C$2)&""),"")) | D20: =IF(D$2=0,"",IFERROR(TRIM(INDEX('Pegar calibracion'!$A$1:$BZ$1001,19,D$2)&""),"")) | E20: =IF(E$2=0,"",IFERROR(TRIM(INDEX('Pegar calibracion'!$A$1:$BZ$1001,19,E$2)&""),"")) | F20: =IF(F$2=0,"",IFERROR(TRIM(INDEX('Pegar calibracion'!$A$1:$BZ$1001,19,F$2)&""),"")) | G20: =IF(G$2=0,"",IFERROR(TRIM(INDEX('Pegar calibracion'!$A$1:$BZ$1001,19,G$2)&""),"")) | H20: =IF(H$2=0,"",IFERROR(TRIM(INDEX('Pegar calibracion'!$A$1:$BZ$1001,19,H$2)&""),"")) | ... L20: =IF(L$2=0,"",IFERROR(TRIM(INDEX('Pegar calibracion'!$A$1:$BZ$1001,19,L$2)&""),"")) | M20: =IF(D20="","",SUBSTITUTE(SUBSTITUTE(SUBSTITUTE(SUBSTITUTE(SUBSTITUTE(SUBSTITUTE(SUBSTITUTE(SUBSTITUTE(SUBSTITUTE(SUBSTITUTE(SUBSTITUTE(SUBSTITUTE(LOWER(TRIM(D20)),"á","a"),"é","e"),"í","i"),"ó","o"),"ú","u"),"ü","u"),"ñ","n"),"à","a"),"è","e"),"ì","i"),"ò","o"),"ù","u")) | N20: =IF(F20="","",SUBSTITUTE(SUBSTITUTE(SUBSTITUTE(SUBSTITUTE(SUBSTITUTE(SUBSTITUTE(SUBSTITUTE(SUBSTITUTE(SUBSTITUTE(SUBSTITUTE(SUBSTITUTE(SUBSTITUTE(LOWER(TRIM(F20)),"á","a"),"é","e"),"í","i"),"ó","o"),"ú","u"),"ü","u"),"ñ","n"),"à","a"),"è","e"),"ì","i"),"ò","o"),"ù","u")) | O20: =IF(M20="confiable",2,IF(M20="dudosa",1,IF(M20="no confiable",0,""))) | P20: =IF(N20="confiable",2,IF(N20="dudosa",1,IF(N20="no confiable",0,""))) | Q20: =IF(AND(ISNUMBER(O20),ISNUMBER(P20)),1,"") | R20: =IF(Q20=1,IF(O20=P20,"Sí","No"),"") | S20: =IF(Q20=1,IF(P20<O20,"Más estricto",IF(P20>O20,"Más permisivo","Igual")),"") | T20: =IF(Q20=1,IF(ABS(O20-P20)=2,1,0),"") | U20: =IF(H20="","","|"&SUBSTITUTE(SUBSTITUTE(TRIM(H20)," |","|"),"| ","|")&"|") | V20: =IF(AND(Q20=1,B20<>""),IF(IFERROR(COUNTIFS(B$3:B20,"="&SUBSTITUTE(SUBSTITUTE(SUBSTITUTE(B20,"~","~~"),"*","~*"),"?","~?"),Q$3:Q20,1),0)=1,MAX(V$2:V19)+1,""),"") | W20: =IF(V20="","",COUNTIFS($B$3:$B$1002,"="&SUBSTITUTE(SUBSTITUTE(SUBSTITUTE(B20,"~","~~"),"*","~*"),"?","~?"),$Q$3:$Q$1002,1)*10000-V20) | X20: =IF(Q20=1,IF(SUBSTITUTE(SUBSTITUTE(SUBSTITUTE(SUBSTITUTE(SUBSTITUTE(SUBSTITUTE(SUBSTITUTE(SUBSTITUTE(SUBSTITUTE(SUBSTITUTE(SUBSTITUTE(SUBSTITUTE(LOWER(TRIM(A20)),"á","a"),"é","e"),"í","i"),"ó","o"),"ú","u"),"ü","u"),"ñ","n"),"à","a"),"è","e"),"ì","i"),"ò","o"),"ù","u")="","(sin apodo)",SUBSTITUTE(SUBSTITUTE(SUBSTITUTE(SUBSTITUTE(SUBSTITUTE(SUBSTITUTE(SUBSTITUTE(SUBSTITUTE(SUBSTITUTE(SUBSTITUTE(SUBSTITUTE(SUBSTITUTE(LOWER(TRIM(A20)),"á","a"),"é","e"),"í","i"),"ó","o"),"ú","u"),"ü","u"),"ñ","n"),"à","a"),"è","e"),"ì","i"),"ò","o"),"ù","u")),"") | Y20: =IF(X20="","",IF(IFERROR(COUNTIF(X$3:X20,"="&SUBSTITUTE(SUBSTITUTE(SUBSTITUTE(X20,"~","~~"),"*","~*"),"?","~?")),0)=1,1,"")) | Z20: =IF(T20=1,MAX(Z$2:Z19)+1,"")
A21: =IF(A$2=0,"",IFERROR(TRIM(INDEX('Pegar calibracion'!$A$1:$BZ$1001,20,A$2)&""),"")) | B21: =IF(B$2=0,"",IFERROR(TRIM(INDEX('Pegar calibracion'!$A$1:$BZ$1001,20,B$2)&""),"")) | C21: =IF(C$2=0,"",IFERROR(TRIM(INDEX('Pegar calibracion'!$A$1:$BZ$1001,20,C$2)&""),"")) | D21: =IF(D$2=0,"",IFERROR(TRIM(INDEX('Pegar calibracion'!$A$1:$BZ$1001,20,D$2)&""),"")) | E21: =IF(E$2=0,"",IFERROR(TRIM(INDEX('Pegar calibracion'!$A$1:$BZ$1001,20,E$2)&""),"")) | F21: =IF(F$2=0,"",IFERROR(TRIM(INDEX('Pegar calibracion'!$A$1:$BZ$1001,20,F$2)&""),"")) | G21: =IF(G$2=0,"",IFERROR(TRIM(INDEX('Pegar calibracion'!$A$1:$BZ$1001,20,G$2)&""),"")) | H21: =IF(H$2=0,"",IFERROR(TRIM(INDEX('Pegar calibracion'!$A$1:$BZ$1001,20,H$2)&""),"")) | ... L21: =IF(L$2=0,"",IFERROR(TRIM(INDEX('Pegar calibracion'!$A$1:$BZ$1001,20,L$2)&""),"")) | M21: =IF(D21="","",SUBSTITUTE(SUBSTITUTE(SUBSTITUTE(SUBSTITUTE(SUBSTITUTE(SUBSTITUTE(SUBSTITUTE(SUBSTITUTE(SUBSTITUTE(SUBSTITUTE(SUBSTITUTE(SUBSTITUTE(LOWER(TRIM(D21)),"á","a"),"é","e"),"í","i"),"ó","o"),"ú","u"),"ü","u"),"ñ","n"),"à","a"),"è","e"),"ì","i"),"ò","o"),"ù","u")) | N21: =IF(F21="","",SUBSTITUTE(SUBSTITUTE(SUBSTITUTE(SUBSTITUTE(SUBSTITUTE(SUBSTITUTE(SUBSTITUTE(SUBSTITUTE(SUBSTITUTE(SUBSTITUTE(SUBSTITUTE(SUBSTITUTE(LOWER(TRIM(F21)),"á","a"),"é","e"),"í","i"),"ó","o"),"ú","u"),"ü","u"),"ñ","n"),"à","a"),"è","e"),"ì","i"),"ò","o"),"ù","u")) | O21: =IF(M21="confiable",2,IF(M21="dudosa",1,IF(M21="no confiable",0,""))) | P21: =IF(N21="confiable",2,IF(N21="dudosa",1,IF(N21="no confiable",0,""))) | Q21: =IF(AND(ISNUMBER(O21),ISNUMBER(P21)),1,"") | R21: =IF(Q21=1,IF(O21=P21,"Sí","No"),"") | S21: =IF(Q21=1,IF(P21<O21,"Más estricto",IF(P21>O21,"Más permisivo","Igual")),"") | T21: =IF(Q21=1,IF(ABS(O21-P21)=2,1,0),"") | U21: =IF(H21="","","|"&SUBSTITUTE(SUBSTITUTE(TRIM(H21)," |","|"),"| ","|")&"|") | V21: =IF(AND(Q21=1,B21<>""),IF(IFERROR(COUNTIFS(B$3:B21,"="&SUBSTITUTE(SUBSTITUTE(SUBSTITUTE(B21,"~","~~"),"*","~*"),"?","~?"),Q$3:Q21,1),0)=1,MAX(V$2:V20)+1,""),"") | W21: =IF(V21="","",COUNTIFS($B$3:$B$1002,"="&SUBSTITUTE(SUBSTITUTE(SUBSTITUTE(B21,"~","~~"),"*","~*"),"?","~?"),$Q$3:$Q$1002,1)*10000-V21) | X21: =IF(Q21=1,IF(SUBSTITUTE(SUBSTITUTE(SUBSTITUTE(SUBSTITUTE(SUBSTITUTE(SUBSTITUTE(SUBSTITUTE(SUBSTITUTE(SUBSTITUTE(SUBSTITUTE(SUBSTITUTE(SUBSTITUTE(LOWER(TRIM(A21)),"á","a"),"é","e"),"í","i"),"ó","o"),"ú","u"),"ü","u"),"ñ","n"),"à","a"),"è","e"),"ì","i"),"ò","o"),"ù","u")="","(sin apodo)",SUBSTITUTE(SUBSTITUTE(SUBSTITUTE(SUBSTITUTE(SUBSTITUTE(SUBSTITUTE(SUBSTITUTE(SUBSTITUTE(SUBSTITUTE(SUBSTITUTE(SUBSTITUTE(SUBSTITUTE(LOWER(TRIM(A21)),"á","a"),"é","e"),"í","i"),"ó","o"),"ú","u"),"ü","u"),"ñ","n"),"à","a"),"è","e"),"ì","i"),"ò","o"),"ù","u")),"") | Y21: =IF(X21="","",IF(IFERROR(COUNTIF(X$3:X21,"="&SUBSTITUTE(SUBSTITUTE(SUBSTITUTE(X21,"~","~~"),"*","~*"),"?","~?")),0)=1,1,"")) | Z21: =IF(T21=1,MAX(Z$2:Z20)+1,"")
A22: =IF(A$2=0,"",IFERROR(TRIM(INDEX('Pegar calibracion'!$A$1:$BZ$1001,21,A$2)&""),"")) | B22: =IF(B$2=0,"",IFERROR(TRIM(INDEX('Pegar calibracion'!$A$1:$BZ$1001,21,B$2)&""),"")) | C22: =IF(C$2=0,"",IFERROR(TRIM(INDEX('Pegar calibracion'!$A$1:$BZ$1001,21,C$2)&""),"")) | D22: =IF(D$2=0,"",IFERROR(TRIM(INDEX('Pegar calibracion'!$A$1:$BZ$1001,21,D$2)&""),"")) | E22: =IF(E$2=0,"",IFERROR(TRIM(INDEX('Pegar calibracion'!$A$1:$BZ$1001,21,E$2)&""),"")) | F22: =IF(F$2=0,"",IFERROR(TRIM(INDEX('Pegar calibracion'!$A$1:$BZ$1001,21,F$2)&""),"")) | G22: =IF(G$2=0,"",IFERROR(TRIM(INDEX('Pegar calibracion'!$A$1:$BZ$1001,21,G$2)&""),"")) | H22: =IF(H$2=0,"",IFERROR(TRIM(INDEX('Pegar calibracion'!$A$1:$BZ$1001,21,H$2)&""),"")) | ... L22: =IF(L$2=0,"",IFERROR(TRIM(INDEX('Pegar calibracion'!$A$1:$BZ$1001,21,L$2)&""),"")) | M22: =IF(D22="","",SUBSTITUTE(SUBSTITUTE(SUBSTITUTE(SUBSTITUTE(SUBSTITUTE(SUBSTITUTE(SUBSTITUTE(SUBSTITUTE(SUBSTITUTE(SUBSTITUTE(SUBSTITUTE(SUBSTITUTE(LOWER(TRIM(D22)),"á","a"),"é","e"),"í","i"),"ó","o"),"ú","u"),"ü","u"),"ñ","n"),"à","a"),"è","e"),"ì","i"),"ò","o"),"ù","u")) | N22: =IF(F22="","",SUBSTITUTE(SUBSTITUTE(SUBSTITUTE(SUBSTITUTE(SUBSTITUTE(SUBSTITUTE(SUBSTITUTE(SUBSTITUTE(SUBSTITUTE(SUBSTITUTE(SUBSTITUTE(SUBSTITUTE(LOWER(TRIM(F22)),"á","a"),"é","e"),"í","i"),"ó","o"),"ú","u"),"ü","u"),"ñ","n"),"à","a"),"è","e"),"ì","i"),"ò","o"),"ù","u")) | O22: =IF(M22="confiable",2,IF(M22="dudosa",1,IF(M22="no confiable",0,""))) | P22: =IF(N22="confiable",2,IF(N22="dudosa",1,IF(N22="no confiable",0,""))) | Q22: =IF(AND(ISNUMBER(O22),ISNUMBER(P22)),1,"") | R22: =IF(Q22=1,IF(O22=P22,"Sí","No"),"") | S22: =IF(Q22=1,IF(P22<O22,"Más estricto",IF(P22>O22,"Más permisivo","Igual")),"") | T22: =IF(Q22=1,IF(ABS(O22-P22)=2,1,0),"") | U22: =IF(H22="","","|"&SUBSTITUTE(SUBSTITUTE(TRIM(H22)," |","|"),"| ","|")&"|") | V22: =IF(AND(Q22=1,B22<>""),IF(IFERROR(COUNTIFS(B$3:B22,"="&SUBSTITUTE(SUBSTITUTE(SUBSTITUTE(B22,"~","~~"),"*","~*"),"?","~?"),Q$3:Q22,1),0)=1,MAX(V$2:V21)+1,""),"") | W22: =IF(V22="","",COUNTIFS($B$3:$B$1002,"="&SUBSTITUTE(SUBSTITUTE(SUBSTITUTE(B22,"~","~~"),"*","~*"),"?","~?"),$Q$3:$Q$1002,1)*10000-V22) | X22: =IF(Q22=1,IF(SUBSTITUTE(SUBSTITUTE(SUBSTITUTE(SUBSTITUTE(SUBSTITUTE(SUBSTITUTE(SUBSTITUTE(SUBSTITUTE(SUBSTITUTE(SUBSTITUTE(SUBSTITUTE(SUBSTITUTE(LOWER(TRIM(A22)),"á","a"),"é","e"),"í","i"),"ó","o"),"ú","u"),"ü","u"),"ñ","n"),"à","a"),"è","e"),"ì","i"),"ò","o"),"ù","u")="","(sin apodo)",SUBSTITUTE(SUBSTITUTE(SUBSTITUTE(SUBSTITUTE(SUBSTITUTE(SUBSTITUTE(SUBSTITUTE(SUBSTITUTE(SUBSTITUTE(SUBSTITUTE(SUBSTITUTE(SUBSTITUTE(LOWER(TRIM(A22)),"á","a"),"é","e"),"í","i"),"ó","o"),"ú","u"),"ü","u"),"ñ","n"),"à","a"),"è","e"),"ì","i"),"ò","o"),"ù","u")),"") | Y22: =IF(X22="","",IF(IFERROR(COUNTIF(X$3:X22,"="&SUBSTITUTE(SUBSTITUTE(SUBSTITUTE(X22,"~","~~"),"*","~*"),"?","~?")),0)=1,1,"")) | Z22: =IF(T22=1,MAX(Z$2:Z21)+1,"")
A23: =IF(A$2=0,"",IFERROR(TRIM(INDEX('Pegar calibracion'!$A$1:$BZ$1001,22,A$2)&""),"")) | B23: =IF(B$2=0,"",IFERROR(TRIM(INDEX('Pegar calibracion'!$A$1:$BZ$1001,22,B$2)&""),"")) | C23: =IF(C$2=0,"",IFERROR(TRIM(INDEX('Pegar calibracion'!$A$1:$BZ$1001,22,C$2)&""),"")) | D23: =IF(D$2=0,"",IFERROR(TRIM(INDEX('Pegar calibracion'!$A$1:$BZ$1001,22,D$2)&""),"")) | E23: =IF(E$2=0,"",IFERROR(TRIM(INDEX('Pegar calibracion'!$A$1:$BZ$1001,22,E$2)&""),"")) | F23: =IF(F$2=0,"",IFERROR(TRIM(INDEX('Pegar calibracion'!$A$1:$BZ$1001,22,F$2)&""),"")) | G23: =IF(G$2=0,"",IFERROR(TRIM(INDEX('Pegar calibracion'!$A$1:$BZ$1001,22,G$2)&""),"")) | H23: =IF(H$2=0,"",IFERROR(TRIM(INDEX('Pegar calibracion'!$A$1:$BZ$1001,22,H$2)&""),"")) | ... L23: =IF(L$2=0,"",IFERROR(TRIM(INDEX('Pegar calibracion'!$A$1:$BZ$1001,22,L$2)&""),"")) | M23: =IF(D23="","",SUBSTITUTE(SUBSTITUTE(SUBSTITUTE(SUBSTITUTE(SUBSTITUTE(SUBSTITUTE(SUBSTITUTE(SUBSTITUTE(SUBSTITUTE(SUBSTITUTE(SUBSTITUTE(SUBSTITUTE(LOWER(TRIM(D23)),"á","a"),"é","e"),"í","i"),"ó","o"),"ú","u"),"ü","u"),"ñ","n"),"à","a"),"è","e"),"ì","i"),"ò","o"),"ù","u")) | N23: =IF(F23="","",SUBSTITUTE(SUBSTITUTE(SUBSTITUTE(SUBSTITUTE(SUBSTITUTE(SUBSTITUTE(SUBSTITUTE(SUBSTITUTE(SUBSTITUTE(SUBSTITUTE(SUBSTITUTE(SUBSTITUTE(LOWER(TRIM(F23)),"á","a"),"é","e"),"í","i"),"ó","o"),"ú","u"),"ü","u"),"ñ","n"),"à","a"),"è","e"),"ì","i"),"ò","o"),"ù","u")) | O23: =IF(M23="confiable",2,IF(M23="dudosa",1,IF(M23="no confiable",0,""))) | P23: =IF(N23="confiable",2,IF(N23="dudosa",1,IF(N23="no confiable",0,""))) | Q23: =IF(AND(ISNUMBER(O23),ISNUMBER(P23)),1,"") | R23: =IF(Q23=1,IF(O23=P23,"Sí","No"),"") | S23: =IF(Q23=1,IF(P23<O23,"Más estricto",IF(P23>O23,"Más permisivo","Igual")),"") | T23: =IF(Q23=1,IF(ABS(O23-P23)=2,1,0),"") | U23: =IF(H23="","","|"&SUBSTITUTE(SUBSTITUTE(TRIM(H23)," |","|"),"| ","|")&"|") | V23: =IF(AND(Q23=1,B23<>""),IF(IFERROR(COUNTIFS(B$3:B23,"="&SUBSTITUTE(SUBSTITUTE(SUBSTITUTE(B23,"~","~~"),"*","~*"),"?","~?"),Q$3:Q23,1),0)=1,MAX(V$2:V22)+1,""),"") | W23: =IF(V23="","",COUNTIFS($B$3:$B$1002,"="&SUBSTITUTE(SUBSTITUTE(SUBSTITUTE(B23,"~","~~"),"*","~*"),"?","~?"),$Q$3:$Q$1002,1)*10000-V23) | X23: =IF(Q23=1,IF(SUBSTITUTE(SUBSTITUTE(SUBSTITUTE(SUBSTITUTE(SUBSTITUTE(SUBSTITUTE(SUBSTITUTE(SUBSTITUTE(SUBSTITUTE(SUBSTITUTE(SUBSTITUTE(SUBSTITUTE(LOWER(TRIM(A23)),"á","a"),"é","e"),"í","i"),"ó","o"),"ú","u"),"ü","u"),"ñ","n"),"à","a"),"è","e"),"ì","i"),"ò","o"),"ù","u")="","(sin apodo)",SUBSTITUTE(SUBSTITUTE(SUBSTITUTE(SUBSTITUTE(SUBSTITUTE(SUBSTITUTE(SUBSTITUTE(SUBSTITUTE(SUBSTITUTE(SUBSTITUTE(SUBSTITUTE(SUBSTITUTE(LOWER(TRIM(A23)),"á","a"),"é","e"),"í","i"),"ó","o"),"ú","u"),"ü","u"),"ñ","n"),"à","a"),"è","e"),"ì","i"),"ò","o"),"ù","u")),"") | Y23: =IF(X23="","",IF(IFERROR(COUNTIF(X$3:X23,"="&SUBSTITUTE(SUBSTITUTE(SUBSTITUTE(X23,"~","~~"),"*","~*"),"?","~?")),0)=1,1,"")) | Z23: =IF(T23=1,MAX(Z$2:Z22)+1,"")
A24: =IF(A$2=0,"",IFERROR(TRIM(INDEX('Pegar calibracion'!$A$1:$BZ$1001,23,A$2)&""),"")) | B24: =IF(B$2=0,"",IFERROR(TRIM(INDEX('Pegar calibracion'!$A$1:$BZ$1001,23,B$2)&""),"")) | C24: =IF(C$2=0,"",IFERROR(TRIM(INDEX('Pegar calibracion'!$A$1:$BZ$1001,23,C$2)&""),"")) | D24: =IF(D$2=0,"",IFERROR(TRIM(INDEX('Pegar calibracion'!$A$1:$BZ$1001,23,D$2)&""),"")) | E24: =IF(E$2=0,"",IFERROR(TRIM(INDEX('Pegar calibracion'!$A$1:$BZ$1001,23,E$2)&""),"")) | F24: =IF(F$2=0,"",IFERROR(TRIM(INDEX('Pegar calibracion'!$A$1:$BZ$1001,23,F$2)&""),"")) | G24: =IF(G$2=0,"",IFERROR(TRIM(INDEX('Pegar calibracion'!$A$1:$BZ$1001,23,G$2)&""),"")) | H24: =IF(H$2=0,"",IFERROR(TRIM(INDEX('Pegar calibracion'!$A$1:$BZ$1001,23,H$2)&""),"")) | ... L24: =IF(L$2=0,"",IFERROR(TRIM(INDEX('Pegar calibracion'!$A$1:$BZ$1001,23,L$2)&""),"")) | M24: =IF(D24="","",SUBSTITUTE(SUBSTITUTE(SUBSTITUTE(SUBSTITUTE(SUBSTITUTE(SUBSTITUTE(SUBSTITUTE(SUBSTITUTE(SUBSTITUTE(SUBSTITUTE(SUBSTITUTE(SUBSTITUTE(LOWER(TRIM(D24)),"á","a"),"é","e"),"í","i"),"ó","o"),"ú","u"),"ü","u"),"ñ","n"),"à","a"),"è","e"),"ì","i"),"ò","o"),"ù","u")) | N24: =IF(F24="","",SUBSTITUTE(SUBSTITUTE(SUBSTITUTE(SUBSTITUTE(SUBSTITUTE(SUBSTITUTE(SUBSTITUTE(SUBSTITUTE(SUBSTITUTE(SUBSTITUTE(SUBSTITUTE(SUBSTITUTE(LOWER(TRIM(F24)),"á","a"),"é","e"),"í","i"),"ó","o"),"ú","u"),"ü","u"),"ñ","n"),"à","a"),"è","e"),"ì","i"),"ò","o"),"ù","u")) | O24: =IF(M24="confiable",2,IF(M24="dudosa",1,IF(M24="no confiable",0,""))) | P24: =IF(N24="confiable",2,IF(N24="dudosa",1,IF(N24="no confiable",0,""))) | Q24: =IF(AND(ISNUMBER(O24),ISNUMBER(P24)),1,"") | R24: =IF(Q24=1,IF(O24=P24,"Sí","No"),"") | S24: =IF(Q24=1,IF(P24<O24,"Más estricto",IF(P24>O24,"Más permisivo","Igual")),"") | T24: =IF(Q24=1,IF(ABS(O24-P24)=2,1,0),"") | U24: =IF(H24="","","|"&SUBSTITUTE(SUBSTITUTE(TRIM(H24)," |","|"),"| ","|")&"|") | V24: =IF(AND(Q24=1,B24<>""),IF(IFERROR(COUNTIFS(B$3:B24,"="&SUBSTITUTE(SUBSTITUTE(SUBSTITUTE(B24,"~","~~"),"*","~*"),"?","~?"),Q$3:Q24,1),0)=1,MAX(V$2:V23)+1,""),"") | W24: =IF(V24="","",COUNTIFS($B$3:$B$1002,"="&SUBSTITUTE(SUBSTITUTE(SUBSTITUTE(B24,"~","~~"),"*","~*"),"?","~?"),$Q$3:$Q$1002,1)*10000-V24) | X24: =IF(Q24=1,IF(SUBSTITUTE(SUBSTITUTE(SUBSTITUTE(SUBSTITUTE(SUBSTITUTE(SUBSTITUTE(SUBSTITUTE(SUBSTITUTE(SUBSTITUTE(SUBSTITUTE(SUBSTITUTE(SUBSTITUTE(LOWER(TRIM(A24)),"á","a"),"é","e"),"í","i"),"ó","o"),"ú","u"),"ü","u"),"ñ","n"),"à","a"),"è","e"),"ì","i"),"ò","o"),"ù","u")="","(sin apodo)",SUBSTITUTE(SUBSTITUTE(SUBSTITUTE(SUBSTITUTE(SUBSTITUTE(SUBSTITUTE(SUBSTITUTE(SUBSTITUTE(SUBSTITUTE(SUBSTITUTE(SUBSTITUTE(SUBSTITUTE(LOWER(TRIM(A24)),"á","a"),"é","e"),"í","i"),"ó","o"),"ú","u"),"ü","u"),"ñ","n"),"à","a"),"è","e"),"ì","i"),"ò","o"),"ù","u")),"") | Y24: =IF(X24="","",IF(IFERROR(COUNTIF(X$3:X24,"="&SUBSTITUTE(SUBSTITUTE(SUBSTITUTE(X24,"~","~~"),"*","~*"),"?","~?")),0)=1,1,"")) | Z24: =IF(T24=1,MAX(Z$2:Z23)+1,"")
A25: =IF(A$2=0,"",IFERROR(TRIM(INDEX('Pegar calibracion'!$A$1:$BZ$1001,24,A$2)&""),"")) | B25: =IF(B$2=0,"",IFERROR(TRIM(INDEX('Pegar calibracion'!$A$1:$BZ$1001,24,B$2)&""),"")) | C25: =IF(C$2=0,"",IFERROR(TRIM(INDEX('Pegar calibracion'!$A$1:$BZ$1001,24,C$2)&""),"")) | D25: =IF(D$2=0,"",IFERROR(TRIM(INDEX('Pegar calibracion'!$A$1:$BZ$1001,24,D$2)&""),"")) | E25: =IF(E$2=0,"",IFERROR(TRIM(INDEX('Pegar calibracion'!$A$1:$BZ$1001,24,E$2)&""),"")) | F25: =IF(F$2=0,"",IFERROR(TRIM(INDEX('Pegar calibracion'!$A$1:$BZ$1001,24,F$2)&""),"")) | G25: =IF(G$2=0,"",IFERROR(TRIM(INDEX('Pegar calibracion'!$A$1:$BZ$1001,24,G$2)&""),"")) | H25: =IF(H$2=0,"",IFERROR(TRIM(INDEX('Pegar calibracion'!$A$1:$BZ$1001,24,H$2)&""),"")) | ... L25: =IF(L$2=0,"",IFERROR(TRIM(INDEX('Pegar calibracion'!$A$1:$BZ$1001,24,L$2)&""),"")) | M25: =IF(D25="","",SUBSTITUTE(SUBSTITUTE(SUBSTITUTE(SUBSTITUTE(SUBSTITUTE(SUBSTITUTE(SUBSTITUTE(SUBSTITUTE(SUBSTITUTE(SUBSTITUTE(SUBSTITUTE(SUBSTITUTE(LOWER(TRIM(D25)),"á","a"),"é","e"),"í","i"),"ó","o"),"ú","u"),"ü","u"),"ñ","n"),"à","a"),"è","e"),"ì","i"),"ò","o"),"ù","u")) | N25: =IF(F25="","",SUBSTITUTE(SUBSTITUTE(SUBSTITUTE(SUBSTITUTE(SUBSTITUTE(SUBSTITUTE(SUBSTITUTE(SUBSTITUTE(SUBSTITUTE(SUBSTITUTE(SUBSTITUTE(SUBSTITUTE(LOWER(TRIM(F25)),"á","a"),"é","e"),"í","i"),"ó","o"),"ú","u"),"ü","u"),"ñ","n"),"à","a"),"è","e"),"ì","i"),"ò","o"),"ù","u")) | O25: =IF(M25="confiable",2,IF(M25="dudosa",1,IF(M25="no confiable",0,""))) | P25: =IF(N25="confiable",2,IF(N25="dudosa",1,IF(N25="no confiable",0,""))) | Q25: =IF(AND(ISNUMBER(O25),ISNUMBER(P25)),1,"") | R25: =IF(Q25=1,IF(O25=P25,"Sí","No"),"") | S25: =IF(Q25=1,IF(P25<O25,"Más estricto",IF(P25>O25,"Más permisivo","Igual")),"") | T25: =IF(Q25=1,IF(ABS(O25-P25)=2,1,0),"") | U25: =IF(H25="","","|"&SUBSTITUTE(SUBSTITUTE(TRIM(H25)," |","|"),"| ","|")&"|") | V25: =IF(AND(Q25=1,B25<>""),IF(IFERROR(COUNTIFS(B$3:B25,"="&SUBSTITUTE(SUBSTITUTE(SUBSTITUTE(B25,"~","~~"),"*","~*"),"?","~?"),Q$3:Q25,1),0)=1,MAX(V$2:V24)+1,""),"") | W25: =IF(V25="","",COUNTIFS($B$3:$B$1002,"="&SUBSTITUTE(SUBSTITUTE(SUBSTITUTE(B25,"~","~~"),"*","~*"),"?","~?"),$Q$3:$Q$1002,1)*10000-V25) | X25: =IF(Q25=1,IF(SUBSTITUTE(SUBSTITUTE(SUBSTITUTE(SUBSTITUTE(SUBSTITUTE(SUBSTITUTE(SUBSTITUTE(SUBSTITUTE(SUBSTITUTE(SUBSTITUTE(SUBSTITUTE(SUBSTITUTE(LOWER(TRIM(A25)),"á","a"),"é","e"),"í","i"),"ó","o"),"ú","u"),"ü","u"),"ñ","n"),"à","a"),"è","e"),"ì","i"),"ò","o"),"ù","u")="","(sin apodo)",SUBSTITUTE(SUBSTITUTE(SUBSTITUTE(SUBSTITUTE(SUBSTITUTE(SUBSTITUTE(SUBSTITUTE(SUBSTITUTE(SUBSTITUTE(SUBSTITUTE(SUBSTITUTE(SUBSTITUTE(LOWER(TRIM(A25)),"á","a"),"é","e"),"í","i"),"ó","o"),"ú","u"),"ü","u"),"ñ","n"),"à","a"),"è","e"),"ì","i"),"ò","o"),"ù","u")),"") | Y25: =IF(X25="","",IF(IFERROR(COUNTIF(X$3:X25,"="&SUBSTITUTE(SUBSTITUTE(SUBSTITUTE(X25,"~","~~"),"*","~*"),"?","~?")),0)=1,1,"")) | Z25: =IF(T25=1,MAX(Z$2:Z24)+1,"")
A26: =IF(A$2=0,"",IFERROR(TRIM(INDEX('Pegar calibracion'!$A$1:$BZ$1001,25,A$2)&""),"")) | B26: =IF(B$2=0,"",IFERROR(TRIM(INDEX('Pegar calibracion'!$A$1:$BZ$1001,25,B$2)&""),"")) | C26: =IF(C$2=0,"",IFERROR(TRIM(INDEX('Pegar calibracion'!$A$1:$BZ$1001,25,C$2)&""),"")) | D26: =IF(D$2=0,"",IFERROR(TRIM(INDEX('Pegar calibracion'!$A$1:$BZ$1001,25,D$2)&""),"")) | E26: =IF(E$2=0,"",IFERROR(TRIM(INDEX('Pegar calibracion'!$A$1:$BZ$1001,25,E$2)&""),"")) | F26: =IF(F$2=0,"",IFERROR(TRIM(INDEX('Pegar calibracion'!$A$1:$BZ$1001,25,F$2)&""),"")) | G26: =IF(G$2=0,"",IFERROR(TRIM(INDEX('Pegar calibracion'!$A$1:$BZ$1001,25,G$2)&""),"")) | H26: =IF(H$2=0,"",IFERROR(TRIM(INDEX('Pegar calibracion'!$A$1:$BZ$1001,25,H$2)&""),"")) | ... L26: =IF(L$2=0,"",IFERROR(TRIM(INDEX('Pegar calibracion'!$A$1:$BZ$1001,25,L$2)&""),"")) | M26: =IF(D26="","",SUBSTITUTE(SUBSTITUTE(SUBSTITUTE(SUBSTITUTE(SUBSTITUTE(SUBSTITUTE(SUBSTITUTE(SUBSTITUTE(SUBSTITUTE(SUBSTITUTE(SUBSTITUTE(SUBSTITUTE(LOWER(TRIM(D26)),"á","a"),"é","e"),"í","i"),"ó","o"),"ú","u"),"ü","u"),"ñ","n"),"à","a"),"è","e"),"ì","i"),"ò","o"),"ù","u")) | N26: =IF(F26="","",SUBSTITUTE(SUBSTITUTE(SUBSTITUTE(SUBSTITUTE(SUBSTITUTE(SUBSTITUTE(SUBSTITUTE(SUBSTITUTE(SUBSTITUTE(SUBSTITUTE(SUBSTITUTE(SUBSTITUTE(LOWER(TRIM(F26)),"á","a"),"é","e"),"í","i"),"ó","o"),"ú","u"),"ü","u"),"ñ","n"),"à","a"),"è","e"),"ì","i"),"ò","o"),"ù","u")) | O26: =IF(M26="confiable",2,IF(M26="dudosa",1,IF(M26="no confiable",0,""))) | P26: =IF(N26="confiable",2,IF(N26="dudosa",1,IF(N26="no confiable",0,""))) | Q26: =IF(AND(ISNUMBER(O26),ISNUMBER(P26)),1,"") | R26: =IF(Q26=1,IF(O26=P26,"Sí","No"),"") | S26: =IF(Q26=1,IF(P26<O26,"Más estricto",IF(P26>O26,"Más permisivo","Igual")),"") | T26: =IF(Q26=1,IF(ABS(O26-P26)=2,1,0),"") | U26: =IF(H26="","","|"&SUBSTITUTE(SUBSTITUTE(TRIM(H26)," |","|"),"| ","|")&"|") | V26: =IF(AND(Q26=1,B26<>""),IF(IFERROR(COUNTIFS(B$3:B26,"="&SUBSTITUTE(SUBSTITUTE(SUBSTITUTE(B26,"~","~~"),"*","~*"),"?","~?"),Q$3:Q26,1),0)=1,MAX(V$2:V25)+1,""),"") | W26: =IF(V26="","",COUNTIFS($B$3:$B$1002,"="&SUBSTITUTE(SUBSTITUTE(SUBSTITUTE(B26,"~","~~"),"*","~*"),"?","~?"),$Q$3:$Q$1002,1)*10000-V26) | X26: =IF(Q26=1,IF(SUBSTITUTE(SUBSTITUTE(SUBSTITUTE(SUBSTITUTE(SUBSTITUTE(SUBSTITUTE(SUBSTITUTE(SUBSTITUTE(SUBSTITUTE(SUBSTITUTE(SUBSTITUTE(SUBSTITUTE(LOWER(TRIM(A26)),"á","a"),"é","e"),"í","i"),"ó","o"),"ú","u"),"ü","u"),"ñ","n"),"à","a"),"è","e"),"ì","i"),"ò","o"),"ù","u")="","(sin apodo)",SUBSTITUTE(SUBSTITUTE(SUBSTITUTE(SUBSTITUTE(SUBSTITUTE(SUBSTITUTE(SUBSTITUTE(SUBSTITUTE(SUBSTITUTE(SUBSTITUTE(SUBSTITUTE(SUBSTITUTE(LOWER(TRIM(A26)),"á","a"),"é","e"),"í","i"),"ó","o"),"ú","u"),"ü","u"),"ñ","n"),"à","a"),"è","e"),"ì","i"),"ò","o"),"ù","u")),"") | Y26: =IF(X26="","",IF(IFERROR(COUNTIF(X$3:X26,"="&SUBSTITUTE(SUBSTITUTE(SUBSTITUTE(X26,"~","~~"),"*","~*"),"?","~?")),0)=1,1,"")) | Z26: =IF(T26=1,MAX(Z$2:Z25)+1,"")
A27: =IF(A$2=0,"",IFERROR(TRIM(INDEX('Pegar calibracion'!$A$1:$BZ$1001,26,A$2)&""),"")) | B27: =IF(B$2=0,"",IFERROR(TRIM(INDEX('Pegar calibracion'!$A$1:$BZ$1001,26,B$2)&""),"")) | C27: =IF(C$2=0,"",IFERROR(TRIM(INDEX('Pegar calibracion'!$A$1:$BZ$1001,26,C$2)&""),"")) | D27: =IF(D$2=0,"",IFERROR(TRIM(INDEX('Pegar calibracion'!$A$1:$BZ$1001,26,D$2)&""),"")) | E27: =IF(E$2=0,"",IFERROR(TRIM(INDEX('Pegar calibracion'!$A$1:$BZ$1001,26,E$2)&""),"")) | F27: =IF(F$2=0,"",IFERROR(TRIM(INDEX('Pegar calibracion'!$A$1:$BZ$1001,26,F$2)&""),"")) | G27: =IF(G$2=0,"",IFERROR(TRIM(INDEX('Pegar calibracion'!$A$1:$BZ$1001,26,G$2)&""),"")) | H27: =IF(H$2=0,"",IFERROR(TRIM(INDEX('Pegar calibracion'!$A$1:$BZ$1001,26,H$2)&""),"")) | ... L27: =IF(L$2=0,"",IFERROR(TRIM(INDEX('Pegar calibracion'!$A$1:$BZ$1001,26,L$2)&""),"")) | M27: =IF(D27="","",SUBSTITUTE(SUBSTITUTE(SUBSTITUTE(SUBSTITUTE(SUBSTITUTE(SUBSTITUTE(SUBSTITUTE(SUBSTITUTE(SUBSTITUTE(SUBSTITUTE(SUBSTITUTE(SUBSTITUTE(LOWER(TRIM(D27)),"á","a"),"é","e"),"í","i"),"ó","o"),"ú","u"),"ü","u"),"ñ","n"),"à","a"),"è","e"),"ì","i"),"ò","o"),"ù","u")) | N27: =IF(F27="","",SUBSTITUTE(SUBSTITUTE(SUBSTITUTE(SUBSTITUTE(SUBSTITUTE(SUBSTITUTE(SUBSTITUTE(SUBSTITUTE(SUBSTITUTE(SUBSTITUTE(SUBSTITUTE(SUBSTITUTE(LOWER(TRIM(F27)),"á","a"),"é","e"),"í","i"),"ó","o"),"ú","u"),"ü","u"),"ñ","n"),"à","a"),"è","e"),"ì","i"),"ò","o"),"ù","u")) | O27: =IF(M27="confiable",2,IF(M27="dudosa",1,IF(M27="no confiable",0,""))) | P27: =IF(N27="confiable",2,IF(N27="dudosa",1,IF(N27="no confiable",0,""))) | Q27: =IF(AND(ISNUMBER(O27),ISNUMBER(P27)),1,"") | R27: =IF(Q27=1,IF(O27=P27,"Sí","No"),"") | S27: =IF(Q27=1,IF(P27<O27,"Más estricto",IF(P27>O27,"Más permisivo","Igual")),"") | T27: =IF(Q27=1,IF(ABS(O27-P27)=2,1,0),"") | U27: =IF(H27="","","|"&SUBSTITUTE(SUBSTITUTE(TRIM(H27)," |","|"),"| ","|")&"|") | V27: =IF(AND(Q27=1,B27<>""),IF(IFERROR(COUNTIFS(B$3:B27,"="&SUBSTITUTE(SUBSTITUTE(SUBSTITUTE(B27,"~","~~"),"*","~*"),"?","~?"),Q$3:Q27,1),0)=1,MAX(V$2:V26)+1,""),"") | W27: =IF(V27="","",COUNTIFS($B$3:$B$1002,"="&SUBSTITUTE(SUBSTITUTE(SUBSTITUTE(B27,"~","~~"),"*","~*"),"?","~?"),$Q$3:$Q$1002,1)*10000-V27) | X27: =IF(Q27=1,IF(SUBSTITUTE(SUBSTITUTE(SUBSTITUTE(SUBSTITUTE(SUBSTITUTE(SUBSTITUTE(SUBSTITUTE(SUBSTITUTE(SUBSTITUTE(SUBSTITUTE(SUBSTITUTE(SUBSTITUTE(LOWER(TRIM(A27)),"á","a"),"é","e"),"í","i"),"ó","o"),"ú","u"),"ü","u"),"ñ","n"),"à","a"),"è","e"),"ì","i"),"ò","o"),"ù","u")="","(sin apodo)",SUBSTITUTE(SUBSTITUTE(SUBSTITUTE(SUBSTITUTE(SUBSTITUTE(SUBSTITUTE(SUBSTITUTE(SUBSTITUTE(SUBSTITUTE(SUBSTITUTE(SUBSTITUTE(SUBSTITUTE(LOWER(TRIM(A27)),"á","a"),"é","e"),"í","i"),"ó","o"),"ú","u"),"ü","u"),"ñ","n"),"à","a"),"è","e"),"ì","i"),"ò","o"),"ù","u")),"") | Y27: =IF(X27="","",IF(IFERROR(COUNTIF(X$3:X27,"="&SUBSTITUTE(SUBSTITUTE(SUBSTITUTE(X27,"~","~~"),"*","~*"),"?","~?")),0)=1,1,"")) | Z27: =IF(T27=1,MAX(Z$2:Z26)+1,"")
A28: =IF(A$2=0,"",IFERROR(TRIM(INDEX('Pegar calibracion'!$A$1:$BZ$1001,27,A$2)&""),"")) | B28: =IF(B$2=0,"",IFERROR(TRIM(INDEX('Pegar calibracion'!$A$1:$BZ$1001,27,B$2)&""),"")) | C28: =IF(C$2=0,"",IFERROR(TRIM(INDEX('Pegar calibracion'!$A$1:$BZ$1001,27,C$2)&""),"")) | D28: =IF(D$2=0,"",IFERROR(TRIM(INDEX('Pegar calibracion'!$A$1:$BZ$1001,27,D$2)&""),"")) | E28: =IF(E$2=0,"",IFERROR(TRIM(INDEX('Pegar calibracion'!$A$1:$BZ$1001,27,E$2)&""),"")) | F28: =IF(F$2=0,"",IFERROR(TRIM(INDEX('Pegar calibracion'!$A$1:$BZ$1001,27,F$2)&""),"")) | G28: =IF(G$2=0,"",IFERROR(TRIM(INDEX('Pegar calibracion'!$A$1:$BZ$1001,27,G$2)&""),"")) | H28: =IF(H$2=0,"",IFERROR(TRIM(INDEX('Pegar calibracion'!$A$1:$BZ$1001,27,H$2)&""),"")) | ... L28: =IF(L$2=0,"",IFERROR(TRIM(INDEX('Pegar calibracion'!$A$1:$BZ$1001,27,L$2)&""),"")) | M28: =IF(D28="","",SUBSTITUTE(SUBSTITUTE(SUBSTITUTE(SUBSTITUTE(SUBSTITUTE(SUBSTITUTE(SUBSTITUTE(SUBSTITUTE(SUBSTITUTE(SUBSTITUTE(SUBSTITUTE(SUBSTITUTE(LOWER(TRIM(D28)),"á","a"),"é","e"),"í","i"),"ó","o"),"ú","u"),"ü","u"),"ñ","n"),"à","a"),"è","e"),"ì","i"),"ò","o"),"ù","u")) | N28: =IF(F28="","",SUBSTITUTE(SUBSTITUTE(SUBSTITUTE(SUBSTITUTE(SUBSTITUTE(SUBSTITUTE(SUBSTITUTE(SUBSTITUTE(SUBSTITUTE(SUBSTITUTE(SUBSTITUTE(SUBSTITUTE(LOWER(TRIM(F28)),"á","a"),"é","e"),"í","i"),"ó","o"),"ú","u"),"ü","u"),"ñ","n"),"à","a"),"è","e"),"ì","i"),"ò","o"),"ù","u")) | O28: =IF(M28="confiable",2,IF(M28="dudosa",1,IF(M28="no confiable",0,""))) | P28: =IF(N28="confiable",2,IF(N28="dudosa",1,IF(N28="no confiable",0,""))) | Q28: =IF(AND(ISNUMBER(O28),ISNUMBER(P28)),1,"") | R28: =IF(Q28=1,IF(O28=P28,"Sí","No"),"") | S28: =IF(Q28=1,IF(P28<O28,"Más estricto",IF(P28>O28,"Más permisivo","Igual")),"") | T28: =IF(Q28=1,IF(ABS(O28-P28)=2,1,0),"") | U28: =IF(H28="","","|"&SUBSTITUTE(SUBSTITUTE(TRIM(H28)," |","|"),"| ","|")&"|") | V28: =IF(AND(Q28=1,B28<>""),IF(IFERROR(COUNTIFS(B$3:B28,"="&SUBSTITUTE(SUBSTITUTE(SUBSTITUTE(B28,"~","~~"),"*","~*"),"?","~?"),Q$3:Q28,1),0)=1,MAX(V$2:V27)+1,""),"") | W28: =IF(V28="","",COUNTIFS($B$3:$B$1002,"="&SUBSTITUTE(SUBSTITUTE(SUBSTITUTE(B28,"~","~~"),"*","~*"),"?","~?"),$Q$3:$Q$1002,1)*10000-V28) | X28: =IF(Q28=1,IF(SUBSTITUTE(SUBSTITUTE(SUBSTITUTE(SUBSTITUTE(SUBSTITUTE(SUBSTITUTE(SUBSTITUTE(SUBSTITUTE(SUBSTITUTE(SUBSTITUTE(SUBSTITUTE(SUBSTITUTE(LOWER(TRIM(A28)),"á","a"),"é","e"),"í","i"),"ó","o"),"ú","u"),"ü","u"),"ñ","n"),"à","a"),"è","e"),"ì","i"),"ò","o"),"ù","u")="","(sin apodo)",SUBSTITUTE(SUBSTITUTE(SUBSTITUTE(SUBSTITUTE(SUBSTITUTE(SUBSTITUTE(SUBSTITUTE(SUBSTITUTE(SUBSTITUTE(SUBSTITUTE(SUBSTITUTE(SUBSTITUTE(LOWER(TRIM(A28)),"á","a"),"é","e"),"í","i"),"ó","o"),"ú","u"),"ü","u"),"ñ","n"),"à","a"),"è","e"),"ì","i"),"ò","o"),"ù","u")),"") | Y28: =IF(X28="","",IF(IFERROR(COUNTIF(X$3:X28,"="&SUBSTITUTE(SUBSTITUTE(SUBSTITUTE(X28,"~","~~"),"*","~*"),"?","~?")),0)=1,1,"")) | Z28: =IF(T28=1,MAX(Z$2:Z27)+1,"")
A29: =IF(A$2=0,"",IFERROR(TRIM(INDEX('Pegar calibracion'!$A$1:$BZ$1001,28,A$2)&""),"")) | B29: =IF(B$2=0,"",IFERROR(TRIM(INDEX('Pegar calibracion'!$A$1:$BZ$1001,28,B$2)&""),"")) | C29: =IF(C$2=0,"",IFERROR(TRIM(INDEX('Pegar calibracion'!$A$1:$BZ$1001,28,C$2)&""),"")) | D29: =IF(D$2=0,"",IFERROR(TRIM(INDEX('Pegar calibracion'!$A$1:$BZ$1001,28,D$2)&""),"")) | E29: =IF(E$2=0,"",IFERROR(TRIM(INDEX('Pegar calibracion'!$A$1:$BZ$1001,28,E$2)&""),"")) | F29: =IF(F$2=0,"",IFERROR(TRIM(INDEX('Pegar calibracion'!$A$1:$BZ$1001,28,F$2)&""),"")) | G29: =IF(G$2=0,"",IFERROR(TRIM(INDEX('Pegar calibracion'!$A$1:$BZ$1001,28,G$2)&""),"")) | H29: =IF(H$2=0,"",IFERROR(TRIM(INDEX('Pegar calibracion'!$A$1:$BZ$1001,28,H$2)&""),"")) | ... L29: =IF(L$2=0,"",IFERROR(TRIM(INDEX('Pegar calibracion'!$A$1:$BZ$1001,28,L$2)&""),"")) | M29: =IF(D29="","",SUBSTITUTE(SUBSTITUTE(SUBSTITUTE(SUBSTITUTE(SUBSTITUTE(SUBSTITUTE(SUBSTITUTE(SUBSTITUTE(SUBSTITUTE(SUBSTITUTE(SUBSTITUTE(SUBSTITUTE(LOWER(TRIM(D29)),"á","a"),"é","e"),"í","i"),"ó","o"),"ú","u"),"ü","u"),"ñ","n"),"à","a"),"è","e"),"ì","i"),"ò","o"),"ù","u")) | N29: =IF(F29="","",SUBSTITUTE(SUBSTITUTE(SUBSTITUTE(SUBSTITUTE(SUBSTITUTE(SUBSTITUTE(SUBSTITUTE(SUBSTITUTE(SUBSTITUTE(SUBSTITUTE(SUBSTITUTE(SUBSTITUTE(LOWER(TRIM(F29)),"á","a"),"é","e"),"í","i"),"ó","o"),"ú","u"),"ü","u"),"ñ","n"),"à","a"),"è","e"),"ì","i"),"ò","o"),"ù","u")) | O29: =IF(M29="confiable",2,IF(M29="dudosa",1,IF(M29="no confiable",0,""))) | P29: =IF(N29="confiable",2,IF(N29="dudosa",1,IF(N29="no confiable",0,""))) | Q29: =IF(AND(ISNUMBER(O29),ISNUMBER(P29)),1,"") | R29: =IF(Q29=1,IF(O29=P29,"Sí","No"),"") | S29: =IF(Q29=1,IF(P29<O29,"Más estricto",IF(P29>O29,"Más permisivo","Igual")),"") | T29: =IF(Q29=1,IF(ABS(O29-P29)=2,1,0),"") | U29: =IF(H29="","","|"&SUBSTITUTE(SUBSTITUTE(TRIM(H29)," |","|"),"| ","|")&"|") | V29: =IF(AND(Q29=1,B29<>""),IF(IFERROR(COUNTIFS(B$3:B29,"="&SUBSTITUTE(SUBSTITUTE(SUBSTITUTE(B29,"~","~~"),"*","~*"),"?","~?"),Q$3:Q29,1),0)=1,MAX(V$2:V28)+1,""),"") | W29: =IF(V29="","",COUNTIFS($B$3:$B$1002,"="&SUBSTITUTE(SUBSTITUTE(SUBSTITUTE(B29,"~","~~"),"*","~*"),"?","~?"),$Q$3:$Q$1002,1)*10000-V29) | X29: =IF(Q29=1,IF(SUBSTITUTE(SUBSTITUTE(SUBSTITUTE(SUBSTITUTE(SUBSTITUTE(SUBSTITUTE(SUBSTITUTE(SUBSTITUTE(SUBSTITUTE(SUBSTITUTE(SUBSTITUTE(SUBSTITUTE(LOWER(TRIM(A29)),"á","a"),"é","e"),"í","i"),"ó","o"),"ú","u"),"ü","u"),"ñ","n"),"à","a"),"è","e"),"ì","i"),"ò","o"),"ù","u")="","(sin apodo)",SUBSTITUTE(SUBSTITUTE(SUBSTITUTE(SUBSTITUTE(SUBSTITUTE(SUBSTITUTE(SUBSTITUTE(SUBSTITUTE(SUBSTITUTE(SUBSTITUTE(SUBSTITUTE(SUBSTITUTE(LOWER(TRIM(A29)),"á","a"),"é","e"),"í","i"),"ó","o"),"ú","u"),"ü","u"),"ñ","n"),"à","a"),"è","e"),"ì","i"),"ò","o"),"ù","u")),"") | Y29: =IF(X29="","",IF(IFERROR(COUNTIF(X$3:X29,"="&SUBSTITUTE(SUBSTITUTE(SUBSTITUTE(X29,"~","~~"),"*","~*"),"?","~?")),0)=1,1,"")) | Z29: =IF(T29=1,MAX(Z$2:Z28)+1,"")
A30: =IF(A$2=0,"",IFERROR(TRIM(INDEX('Pegar calibracion'!$A$1:$BZ$1001,29,A$2)&""),"")) | B30: =IF(B$2=0,"",IFERROR(TRIM(INDEX('Pegar calibracion'!$A$1:$BZ$1001,29,B$2)&""),"")) | C30: =IF(C$2=0,"",IFERROR(TRIM(INDEX('Pegar calibracion'!$A$1:$BZ$1001,29,C$2)&""),"")) | D30: =IF(D$2=0,"",IFERROR(TRIM(INDEX('Pegar calibracion'!$A$1:$BZ$1001,29,D$2)&""),"")) | E30: =IF(E$2=0,"",IFERROR(TRIM(INDEX('Pegar calibracion'!$A$1:$BZ$1001,29,E$2)&""),"")) | F30: =IF(F$2=0,"",IFERROR(TRIM(INDEX('Pegar calibracion'!$A$1:$BZ$1001,29,F$2)&""),"")) | G30: =IF(G$2=0,"",IFERROR(TRIM(INDEX('Pegar calibracion'!$A$1:$BZ$1001,29,G$2)&""),"")) | H30: =IF(H$2=0,"",IFERROR(TRIM(INDEX('Pegar calibracion'!$A$1:$BZ$1001,29,H$2)&""),"")) | ... L30: =IF(L$2=0,"",IFERROR(TRIM(INDEX('Pegar calibracion'!$A$1:$BZ$1001,29,L$2)&""),"")) | M30: =IF(D30="","",SUBSTITUTE(SUBSTITUTE(SUBSTITUTE(SUBSTITUTE(SUBSTITUTE(SUBSTITUTE(SUBSTITUTE(SUBSTITUTE(SUBSTITUTE(SUBSTITUTE(SUBSTITUTE(SUBSTITUTE(LOWER(TRIM(D30)),"á","a"),"é","e"),"í","i"),"ó","o"),"ú","u"),"ü","u"),"ñ","n"),"à","a"),"è","e"),"ì","i"),"ò","o"),"ù","u")) | N30: =IF(F30="","",SUBSTITUTE(SUBSTITUTE(SUBSTITUTE(SUBSTITUTE(SUBSTITUTE(SUBSTITUTE(SUBSTITUTE(SUBSTITUTE(SUBSTITUTE(SUBSTITUTE(SUBSTITUTE(SUBSTITUTE(LOWER(TRIM(F30)),"á","a"),"é","e"),"í","i"),"ó","o"),"ú","u"),"ü","u"),"ñ","n"),"à","a"),"è","e"),"ì","i"),"ò","o"),"ù","u")) | O30: =IF(M30="confiable",2,IF(M30="dudosa",1,IF(M30="no confiable",0,""))) | P30: =IF(N30="confiable",2,IF(N30="dudosa",1,IF(N30="no confiable",0,""))) | Q30: =IF(AND(ISNUMBER(O30),ISNUMBER(P30)),1,"") | R30: =IF(Q30=1,IF(O30=P30,"Sí","No"),"") | S30: =IF(Q30=1,IF(P30<O30,"Más estricto",IF(P30>O30,"Más permisivo","Igual")),"") | T30: =IF(Q30=1,IF(ABS(O30-P30)=2,1,0),"") | U30: =IF(H30="","","|"&SUBSTITUTE(SUBSTITUTE(TRIM(H30)," |","|"),"| ","|")&"|") | V30: =IF(AND(Q30=1,B30<>""),IF(IFERROR(COUNTIFS(B$3:B30,"="&SUBSTITUTE(SUBSTITUTE(SUBSTITUTE(B30,"~","~~"),"*","~*"),"?","~?"),Q$3:Q30,1),0)=1,MAX(V$2:V29)+1,""),"") | W30: =IF(V30="","",COUNTIFS($B$3:$B$1002,"="&SUBSTITUTE(SUBSTITUTE(SUBSTITUTE(B30,"~","~~"),"*","~*"),"?","~?"),$Q$3:$Q$1002,1)*10000-V30) | X30: =IF(Q30=1,IF(SUBSTITUTE(SUBSTITUTE(SUBSTITUTE(SUBSTITUTE(SUBSTITUTE(SUBSTITUTE(SUBSTITUTE(SUBSTITUTE(SUBSTITUTE(SUBSTITUTE(SUBSTITUTE(SUBSTITUTE(LOWER(TRIM(A30)),"á","a"),"é","e"),"í","i"),"ó","o"),"ú","u"),"ü","u"),"ñ","n"),"à","a"),"è","e"),"ì","i"),"ò","o"),"ù","u")="","(sin apodo)",SUBSTITUTE(SUBSTITUTE(SUBSTITUTE(SUBSTITUTE(SUBSTITUTE(SUBSTITUTE(SUBSTITUTE(SUBSTITUTE(SUBSTITUTE(SUBSTITUTE(SUBSTITUTE(SUBSTITUTE(LOWER(TRIM(A30)),"á","a"),"é","e"),"í","i"),"ó","o"),"ú","u"),"ü","u"),"ñ","n"),"à","a"),"è","e"),"ì","i"),"ò","o"),"ù","u")),"") | Y30: =IF(X30="","",IF(IFERROR(COUNTIF(X$3:X30,"="&SUBSTITUTE(SUBSTITUTE(SUBSTITUTE(X30,"~","~~"),"*","~*"),"?","~?")),0)=1,1,"")) | Z30: =IF(T30=1,MAX(Z$2:Z29)+1,"")
A31: =IF(A$2=0,"",IFERROR(TRIM(INDEX('Pegar calibracion'!$A$1:$BZ$1001,30,A$2)&""),"")) | B31: =IF(B$2=0,"",IFERROR(TRIM(INDEX('Pegar calibracion'!$A$1:$BZ$1001,30,B$2)&""),"")) | C31: =IF(C$2=0,"",IFERROR(TRIM(INDEX('Pegar calibracion'!$A$1:$BZ$1001,30,C$2)&""),"")) | D31: =IF(D$2=0,"",IFERROR(TRIM(INDEX('Pegar calibracion'!$A$1:$BZ$1001,30,D$2)&""),"")) | E31: =IF(E$2=0,"",IFERROR(TRIM(INDEX('Pegar calibracion'!$A$1:$BZ$1001,30,E$2)&""),"")) | F31: =IF(F$2=0,"",IFERROR(TRIM(INDEX('Pegar calibracion'!$A$1:$BZ$1001,30,F$2)&""),"")) | G31: =IF(G$2=0,"",IFERROR(TRIM(INDEX('Pegar calibracion'!$A$1:$BZ$1001,30,G$2)&""),"")) | H31: =IF(H$2=0,"",IFERROR(TRIM(INDEX('Pegar calibracion'!$A$1:$BZ$1001,30,H$2)&""),"")) | ... L31: =IF(L$2=0,"",IFERROR(TRIM(INDEX('Pegar calibracion'!$A$1:$BZ$1001,30,L$2)&""),"")) | M31: =IF(D31="","",SUBSTITUTE(SUBSTITUTE(SUBSTITUTE(SUBSTITUTE(SUBSTITUTE(SUBSTITUTE(SUBSTITUTE(SUBSTITUTE(SUBSTITUTE(SUBSTITUTE(SUBSTITUTE(SUBSTITUTE(LOWER(TRIM(D31)),"á","a"),"é","e"),"í","i"),"ó","o"),"ú","u"),"ü","u"),"ñ","n"),"à","a"),"è","e"),"ì","i"),"ò","o"),"ù","u")) | N31: =IF(F31="","",SUBSTITUTE(SUBSTITUTE(SUBSTITUTE(SUBSTITUTE(SUBSTITUTE(SUBSTITUTE(SUBSTITUTE(SUBSTITUTE(SUBSTITUTE(SUBSTITUTE(SUBSTITUTE(SUBSTITUTE(LOWER(TRIM(F31)),"á","a"),"é","e"),"í","i"),"ó","o"),"ú","u"),"ü","u"),"ñ","n"),"à","a"),"è","e"),"ì","i"),"ò","o"),"ù","u")) | O31: =IF(M31="confiable",2,IF(M31="dudosa",1,IF(M31="no confiable",0,""))) | P31: =IF(N31="confiable",2,IF(N31="dudosa",1,IF(N31="no confiable",0,""))) | Q31: =IF(AND(ISNUMBER(O31),ISNUMBER(P31)),1,"") | R31: =IF(Q31=1,IF(O31=P31,"Sí","No"),"") | S31: =IF(Q31=1,IF(P31<O31,"Más estricto",IF(P31>O31,"Más permisivo","Igual")),"") | T31: =IF(Q31=1,IF(ABS(O31-P31)=2,1,0),"") | U31: =IF(H31="","","|"&SUBSTITUTE(SUBSTITUTE(TRIM(H31)," |","|"),"| ","|")&"|") | V31: =IF(AND(Q31=1,B31<>""),IF(IFERROR(COUNTIFS(B$3:B31,"="&SUBSTITUTE(SUBSTITUTE(SUBSTITUTE(B31,"~","~~"),"*","~*"),"?","~?"),Q$3:Q31,1),0)=1,MAX(V$2:V30)+1,""),"") | W31: =IF(V31="","",COUNTIFS($B$3:$B$1002,"="&SUBSTITUTE(SUBSTITUTE(SUBSTITUTE(B31,"~","~~"),"*","~*"),"?","~?"),$Q$3:$Q$1002,1)*10000-V31) | X31: =IF(Q31=1,IF(SUBSTITUTE(SUBSTITUTE(SUBSTITUTE(SUBSTITUTE(SUBSTITUTE(SUBSTITUTE(SUBSTITUTE(SUBSTITUTE(SUBSTITUTE(SUBSTITUTE(SUBSTITUTE(SUBSTITUTE(LOWER(TRIM(A31)),"á","a"),"é","e"),"í","i"),"ó","o"),"ú","u"),"ü","u"),"ñ","n"),"à","a"),"è","e"),"ì","i"),"ò","o"),"ù","u")="","(sin apodo)",SUBSTITUTE(SUBSTITUTE(SUBSTITUTE(SUBSTITUTE(SUBSTITUTE(SUBSTITUTE(SUBSTITUTE(SUBSTITUTE(SUBSTITUTE(SUBSTITUTE(SUBSTITUTE(SUBSTITUTE(LOWER(TRIM(A31)),"á","a"),"é","e"),"í","i"),"ó","o"),"ú","u"),"ü","u"),"ñ","n"),"à","a"),"è","e"),"ì","i"),"ò","o"),"ù","u")),"") | Y31: =IF(X31="","",IF(IFERROR(COUNTIF(X$3:X31,"="&SUBSTITUTE(SUBSTITUTE(SUBSTITUTE(X31,"~","~~"),"*","~*"),"?","~?")),0)=1,1,"")) | Z31: =IF(T31=1,MAX(Z$2:Z30)+1,"")
A32: =IF(A$2=0,"",IFERROR(TRIM(INDEX('Pegar calibracion'!$A$1:$BZ$1001,31,A$2)&""),"")) | B32: =IF(B$2=0,"",IFERROR(TRIM(INDEX('Pegar calibracion'!$A$1:$BZ$1001,31,B$2)&""),"")) | C32: =IF(C$2=0,"",IFERROR(TRIM(INDEX('Pegar calibracion'!$A$1:$BZ$1001,31,C$2)&""),"")) | D32: =IF(D$2=0,"",IFERROR(TRIM(INDEX('Pegar calibracion'!$A$1:$BZ$1001,31,D$2)&""),"")) | E32: =IF(E$2=0,"",IFERROR(TRIM(INDEX('Pegar calibracion'!$A$1:$BZ$1001,31,E$2)&""),"")) | F32: =IF(F$2=0,"",IFERROR(TRIM(INDEX('Pegar calibracion'!$A$1:$BZ$1001,31,F$2)&""),"")) | G32: =IF(G$2=0,"",IFERROR(TRIM(INDEX('Pegar calibracion'!$A$1:$BZ$1001,31,G$2)&""),"")) | H32: =IF(H$2=0,"",IFERROR(TRIM(INDEX('Pegar calibracion'!$A$1:$BZ$1001,31,H$2)&""),"")) | ... L32: =IF(L$2=0,"",IFERROR(TRIM(INDEX('Pegar calibracion'!$A$1:$BZ$1001,31,L$2)&""),"")) | M32: =IF(D32="","",SUBSTITUTE(SUBSTITUTE(SUBSTITUTE(SUBSTITUTE(SUBSTITUTE(SUBSTITUTE(SUBSTITUTE(SUBSTITUTE(SUBSTITUTE(SUBSTITUTE(SUBSTITUTE(SUBSTITUTE(LOWER(TRIM(D32)),"á","a"),"é","e"),"í","i"),"ó","o"),"ú","u"),"ü","u"),"ñ","n"),"à","a"),"è","e"),"ì","i"),"ò","o"),"ù","u")) | N32: =IF(F32="","",SUBSTITUTE(SUBSTITUTE(SUBSTITUTE(SUBSTITUTE(SUBSTITUTE(SUBSTITUTE(SUBSTITUTE(SUBSTITUTE(SUBSTITUTE(SUBSTITUTE(SUBSTITUTE(SUBSTITUTE(LOWER(TRIM(F32)),"á","a"),"é","e"),"í","i"),"ó","o"),"ú","u"),"ü","u"),"ñ","n"),"à","a"),"è","e"),"ì","i"),"ò","o"),"ù","u")) | O32: =IF(M32="confiable",2,IF(M32="dudosa",1,IF(M32="no confiable",0,""))) | P32: =IF(N32="confiable",2,IF(N32="dudosa",1,IF(N32="no confiable",0,""))) | Q32: =IF(AND(ISNUMBER(O32),ISNUMBER(P32)),1,"") | R32: =IF(Q32=1,IF(O32=P32,"Sí","No"),"") | S32: =IF(Q32=1,IF(P32<O32,"Más estricto",IF(P32>O32,"Más permisivo","Igual")),"") | T32: =IF(Q32=1,IF(ABS(O32-P32)=2,1,0),"") | U32: =IF(H32="","","|"&SUBSTITUTE(SUBSTITUTE(TRIM(H32)," |","|"),"| ","|")&"|") | V32: =IF(AND(Q32=1,B32<>""),IF(IFERROR(COUNTIFS(B$3:B32,"="&SUBSTITUTE(SUBSTITUTE(SUBSTITUTE(B32,"~","~~"),"*","~*"),"?","~?"),Q$3:Q32,1),0)=1,MAX(V$2:V31)+1,""),"") | W32: =IF(V32="","",COUNTIFS($B$3:$B$1002,"="&SUBSTITUTE(SUBSTITUTE(SUBSTITUTE(B32,"~","~~"),"*","~*"),"?","~?"),$Q$3:$Q$1002,1)*10000-V32) | X32: =IF(Q32=1,IF(SUBSTITUTE(SUBSTITUTE(SUBSTITUTE(SUBSTITUTE(SUBSTITUTE(SUBSTITUTE(SUBSTITUTE(SUBSTITUTE(SUBSTITUTE(SUBSTITUTE(SUBSTITUTE(SUBSTITUTE(LOWER(TRIM(A32)),"á","a"),"é","e"),"í","i"),"ó","o"),"ú","u"),"ü","u"),"ñ","n"),"à","a"),"è","e"),"ì","i"),"ò","o"),"ù","u")="","(sin apodo)",SUBSTITUTE(SUBSTITUTE(SUBSTITUTE(SUBSTITUTE(SUBSTITUTE(SUBSTITUTE(SUBSTITUTE(SUBSTITUTE(SUBSTITUTE(SUBSTITUTE(SUBSTITUTE(SUBSTITUTE(LOWER(TRIM(A32)),"á","a"),"é","e"),"í","i"),"ó","o"),"ú","u"),"ü","u"),"ñ","n"),"à","a"),"è","e"),"ì","i"),"ò","o"),"ù","u")),"") | Y32: =IF(X32="","",IF(IFERROR(COUNTIF(X$3:X32,"="&SUBSTITUTE(SUBSTITUTE(SUBSTITUTE(X32,"~","~~"),"*","~*"),"?","~?")),0)=1,1,"")) | Z32: =IF(T32=1,MAX(Z$2:Z31)+1,"")
A33: =IF(A$2=0,"",IFERROR(TRIM(INDEX('Pegar calibracion'!$A$1:$BZ$1001,32,A$2)&""),"")) | B33: =IF(B$2=0,"",IFERROR(TRIM(INDEX('Pegar calibracion'!$A$1:$BZ$1001,32,B$2)&""),"")) | C33: =IF(C$2=0,"",IFERROR(TRIM(INDEX('Pegar calibracion'!$A$1:$BZ$1001,32,C$2)&""),"")) | D33: =IF(D$2=0,"",IFERROR(TRIM(INDEX('Pegar calibracion'!$A$1:$BZ$1001,32,D$2)&""),"")) | E33: =IF(E$2=0,"",IFERROR(TRIM(INDEX('Pegar calibracion'!$A$1:$BZ$1001,32,E$2)&""),"")) | F33: =IF(F$2=0,"",IFERROR(TRIM(INDEX('Pegar calibracion'!$A$1:$BZ$1001,32,F$2)&""),"")) | G33: =IF(G$2=0,"",IFERROR(TRIM(INDEX('Pegar calibracion'!$A$1:$BZ$1001,32,G$2)&""),"")) | H33: =IF(H$2=0,"",IFERROR(TRIM(INDEX('Pegar calibracion'!$A$1:$BZ$1001,32,H$2)&""),"")) | ... L33: =IF(L$2=0,"",IFERROR(TRIM(INDEX('Pegar calibracion'!$A$1:$BZ$1001,32,L$2)&""),"")) | M33: =IF(D33="","",SUBSTITUTE(SUBSTITUTE(SUBSTITUTE(SUBSTITUTE(SUBSTITUTE(SUBSTITUTE(SUBSTITUTE(SUBSTITUTE(SUBSTITUTE(SUBSTITUTE(SUBSTITUTE(SUBSTITUTE(LOWER(TRIM(D33)),"á","a"),"é","e"),"í","i"),"ó","o"),"ú","u"),"ü","u"),"ñ","n"),"à","a"),"è","e"),"ì","i"),"ò","o"),"ù","u")) | N33: =IF(F33="","",SUBSTITUTE(SUBSTITUTE(SUBSTITUTE(SUBSTITUTE(SUBSTITUTE(SUBSTITUTE(SUBSTITUTE(SUBSTITUTE(SUBSTITUTE(SUBSTITUTE(SUBSTITUTE(SUBSTITUTE(LOWER(TRIM(F33)),"á","a"),"é","e"),"í","i"),"ó","o"),"ú","u"),"ü","u"),"ñ","n"),"à","a"),"è","e"),"ì","i"),"ò","o"),"ù","u")) | O33: =IF(M33="confiable",2,IF(M33="dudosa",1,IF(M33="no confiable",0,""))) | P33: =IF(N33="confiable",2,IF(N33="dudosa",1,IF(N33="no confiable",0,""))) | Q33: =IF(AND(ISNUMBER(O33),ISNUMBER(P33)),1,"") | R33: =IF(Q33=1,IF(O33=P33,"Sí","No"),"") | S33: =IF(Q33=1,IF(P33<O33,"Más estricto",IF(P33>O33,"Más permisivo","Igual")),"") | T33: =IF(Q33=1,IF(ABS(O33-P33)=2,1,0),"") | U33: =IF(H33="","","|"&SUBSTITUTE(SUBSTITUTE(TRIM(H33)," |","|"),"| ","|")&"|") | V33: =IF(AND(Q33=1,B33<>""),IF(IFERROR(COUNTIFS(B$3:B33,"="&SUBSTITUTE(SUBSTITUTE(SUBSTITUTE(B33,"~","~~"),"*","~*"),"?","~?"),Q$3:Q33,1),0)=1,MAX(V$2:V32)+1,""),"") | W33: =IF(V33="","",COUNTIFS($B$3:$B$1002,"="&SUBSTITUTE(SUBSTITUTE(SUBSTITUTE(B33,"~","~~"),"*","~*"),"?","~?"),$Q$3:$Q$1002,1)*10000-V33) | X33: =IF(Q33=1,IF(SUBSTITUTE(SUBSTITUTE(SUBSTITUTE(SUBSTITUTE(SUBSTITUTE(SUBSTITUTE(SUBSTITUTE(SUBSTITUTE(SUBSTITUTE(SUBSTITUTE(SUBSTITUTE(SUBSTITUTE(LOWER(TRIM(A33)),"á","a"),"é","e"),"í","i"),"ó","o"),"ú","u"),"ü","u"),"ñ","n"),"à","a"),"è","e"),"ì","i"),"ò","o"),"ù","u")="","(sin apodo)",SUBSTITUTE(SUBSTITUTE(SUBSTITUTE(SUBSTITUTE(SUBSTITUTE(SUBSTITUTE(SUBSTITUTE(SUBSTITUTE(SUBSTITUTE(SUBSTITUTE(SUBSTITUTE(SUBSTITUTE(LOWER(TRIM(A33)),"á","a"),"é","e"),"í","i"),"ó","o"),"ú","u"),"ü","u"),"ñ","n"),"à","a"),"è","e"),"ì","i"),"ò","o"),"ù","u")),"") | Y33: =IF(X33="","",IF(IFERROR(COUNTIF(X$3:X33,"="&SUBSTITUTE(SUBSTITUTE(SUBSTITUTE(X33,"~","~~"),"*","~*"),"?","~?")),0)=1,1,"")) | Z33: =IF(T33=1,MAX(Z$2:Z32)+1,"")
A34: =IF(A$2=0,"",IFERROR(TRIM(INDEX('Pegar calibracion'!$A$1:$BZ$1001,33,A$2)&""),"")) | B34: =IF(B$2=0,"",IFERROR(TRIM(INDEX('Pegar calibracion'!$A$1:$BZ$1001,33,B$2)&""),"")) | C34: =IF(C$2=0,"",IFERROR(TRIM(INDEX('Pegar calibracion'!$A$1:$BZ$1001,33,C$2)&""),"")) | D34: =IF(D$2=0,"",IFERROR(TRIM(INDEX('Pegar calibracion'!$A$1:$BZ$1001,33,D$2)&""),"")) | E34: =IF(E$2=0,"",IFERROR(TRIM(INDEX('Pegar calibracion'!$A$1:$BZ$1001,33,E$2)&""),"")) | F34: =IF(F$2=0,"",IFERROR(TRIM(INDEX('Pegar calibracion'!$A$1:$BZ$1001,33,F$2)&""),"")) | G34: =IF(G$2=0,"",IFERROR(TRIM(INDEX('Pegar calibracion'!$A$1:$BZ$1001,33,G$2)&""),"")) | H34: =IF(H$2=0,"",IFERROR(TRIM(INDEX('Pegar calibracion'!$A$1:$BZ$1001,33,H$2)&""),"")) | ... L34: =IF(L$2=0,"",IFERROR(TRIM(INDEX('Pegar calibracion'!$A$1:$BZ$1001,33,L$2)&""),"")) | M34: =IF(D34="","",SUBSTITUTE(SUBSTITUTE(SUBSTITUTE(SUBSTITUTE(SUBSTITUTE(SUBSTITUTE(SUBSTITUTE(SUBSTITUTE(SUBSTITUTE(SUBSTITUTE(SUBSTITUTE(SUBSTITUTE(LOWER(TRIM(D34)),"á","a"),"é","e"),"í","i"),"ó","o"),"ú","u"),"ü","u"),"ñ","n"),"à","a"),"è","e"),"ì","i"),"ò","o"),"ù","u")) | N34: =IF(F34="","",SUBSTITUTE(SUBSTITUTE(SUBSTITUTE(SUBSTITUTE(SUBSTITUTE(SUBSTITUTE(SUBSTITUTE(SUBSTITUTE(SUBSTITUTE(SUBSTITUTE(SUBSTITUTE(SUBSTITUTE(LOWER(TRIM(F34)),"á","a"),"é","e"),"í","i"),"ó","o"),"ú","u"),"ü","u"),"ñ","n"),"à","a"),"è","e"),"ì","i"),"ò","o"),"ù","u")) | O34: =IF(M34="confiable",2,IF(M34="dudosa",1,IF(M34="no confiable",0,""))) | P34: =IF(N34="confiable",2,IF(N34="dudosa",1,IF(N34="no confiable",0,""))) | Q34: =IF(AND(ISNUMBER(O34),ISNUMBER(P34)),1,"") | R34: =IF(Q34=1,IF(O34=P34,"Sí","No"),"") | S34: =IF(Q34=1,IF(P34<O34,"Más estricto",IF(P34>O34,"Más permisivo","Igual")),"") | T34: =IF(Q34=1,IF(ABS(O34-P34)=2,1,0),"") | U34: =IF(H34="","","|"&SUBSTITUTE(SUBSTITUTE(TRIM(H34)," |","|"),"| ","|")&"|") | V34: =IF(AND(Q34=1,B34<>""),IF(IFERROR(COUNTIFS(B$3:B34,"="&SUBSTITUTE(SUBSTITUTE(SUBSTITUTE(B34,"~","~~"),"*","~*"),"?","~?"),Q$3:Q34,1),0)=1,MAX(V$2:V33)+1,""),"") | W34: =IF(V34="","",COUNTIFS($B$3:$B$1002,"="&SUBSTITUTE(SUBSTITUTE(SUBSTITUTE(B34,"~","~~"),"*","~*"),"?","~?"),$Q$3:$Q$1002,1)*10000-V34) | X34: =IF(Q34=1,IF(SUBSTITUTE(SUBSTITUTE(SUBSTITUTE(SUBSTITUTE(SUBSTITUTE(SUBSTITUTE(SUBSTITUTE(SUBSTITUTE(SUBSTITUTE(SUBSTITUTE(SUBSTITUTE(SUBSTITUTE(LOWER(TRIM(A34)),"á","a"),"é","e"),"í","i"),"ó","o"),"ú","u"),"ü","u"),"ñ","n"),"à","a"),"è","e"),"ì","i"),"ò","o"),"ù","u")="","(sin apodo)",SUBSTITUTE(SUBSTITUTE(SUBSTITUTE(SUBSTITUTE(SUBSTITUTE(SUBSTITUTE(SUBSTITUTE(SUBSTITUTE(SUBSTITUTE(SUBSTITUTE(SUBSTITUTE(SUBSTITUTE(LOWER(TRIM(A34)),"á","a"),"é","e"),"í","i"),"ó","o"),"ú","u"),"ü","u"),"ñ","n"),"à","a"),"è","e"),"ì","i"),"ò","o"),"ù","u")),"") | Y34: =IF(X34="","",IF(IFERROR(COUNTIF(X$3:X34,"="&SUBSTITUTE(SUBSTITUTE(SUBSTITUTE(X34,"~","~~"),"*","~*"),"?","~?")),0)=1,1,"")) | Z34: =IF(T34=1,MAX(Z$2:Z33)+1,"")
A35: =IF(A$2=0,"",IFERROR(TRIM(INDEX('Pegar calibracion'!$A$1:$BZ$1001,34,A$2)&""),"")) | B35: =IF(B$2=0,"",IFERROR(TRIM(INDEX('Pegar calibracion'!$A$1:$BZ$1001,34,B$2)&""),"")) | C35: =IF(C$2=0,"",IFERROR(TRIM(INDEX('Pegar calibracion'!$A$1:$BZ$1001,34,C$2)&""),"")) | D35: =IF(D$2=0,"",IFERROR(TRIM(INDEX('Pegar calibracion'!$A$1:$BZ$1001,34,D$2)&""),"")) | E35: =IF(E$2=0,"",IFERROR(TRIM(INDEX('Pegar calibracion'!$A$1:$BZ$1001,34,E$2)&""),"")) | F35: =IF(F$2=0,"",IFERROR(TRIM(INDEX('Pegar calibracion'!$A$1:$BZ$1001,34,F$2)&""),"")) | G35: =IF(G$2=0,"",IFERROR(TRIM(INDEX('Pegar calibracion'!$A$1:$BZ$1001,34,G$2)&""),"")) | H35: =IF(H$2=0,"",IFERROR(TRIM(INDEX('Pegar calibracion'!$A$1:$BZ$1001,34,H$2)&""),"")) | ... L35: =IF(L$2=0,"",IFERROR(TRIM(INDEX('Pegar calibracion'!$A$1:$BZ$1001,34,L$2)&""),"")) | M35: =IF(D35="","",SUBSTITUTE(SUBSTITUTE(SUBSTITUTE(SUBSTITUTE(SUBSTITUTE(SUBSTITUTE(SUBSTITUTE(SUBSTITUTE(SUBSTITUTE(SUBSTITUTE(SUBSTITUTE(SUBSTITUTE(LOWER(TRIM(D35)),"á","a"),"é","e"),"í","i"),"ó","o"),"ú","u"),"ü","u"),"ñ","n"),"à","a"),"è","e"),"ì","i"),"ò","o"),"ù","u")) | N35: =IF(F35="","",SUBSTITUTE(SUBSTITUTE(SUBSTITUTE(SUBSTITUTE(SUBSTITUTE(SUBSTITUTE(SUBSTITUTE(SUBSTITUTE(SUBSTITUTE(SUBSTITUTE(SUBSTITUTE(SUBSTITUTE(LOWER(TRIM(F35)),"á","a"),"é","e"),"í","i"),"ó","o"),"ú","u"),"ü","u"),"ñ","n"),"à","a"),"è","e"),"ì","i"),"ò","o"),"ù","u")) | O35: =IF(M35="confiable",2,IF(M35="dudosa",1,IF(M35="no confiable",0,""))) | P35: =IF(N35="confiable",2,IF(N35="dudosa",1,IF(N35="no confiable",0,""))) | Q35: =IF(AND(ISNUMBER(O35),ISNUMBER(P35)),1,"") | R35: =IF(Q35=1,IF(O35=P35,"Sí","No"),"") | S35: =IF(Q35=1,IF(P35<O35,"Más estricto",IF(P35>O35,"Más permisivo","Igual")),"") | T35: =IF(Q35=1,IF(ABS(O35-P35)=2,1,0),"") | U35: =IF(H35="","","|"&SUBSTITUTE(SUBSTITUTE(TRIM(H35)," |","|"),"| ","|")&"|") | V35: =IF(AND(Q35=1,B35<>""),IF(IFERROR(COUNTIFS(B$3:B35,"="&SUBSTITUTE(SUBSTITUTE(SUBSTITUTE(B35,"~","~~"),"*","~*"),"?","~?"),Q$3:Q35,1),0)=1,MAX(V$2:V34)+1,""),"") | W35: =IF(V35="","",COUNTIFS($B$3:$B$1002,"="&SUBSTITUTE(SUBSTITUTE(SUBSTITUTE(B35,"~","~~"),"*","~*"),"?","~?"),$Q$3:$Q$1002,1)*10000-V35) | X35: =IF(Q35=1,IF(SUBSTITUTE(SUBSTITUTE(SUBSTITUTE(SUBSTITUTE(SUBSTITUTE(SUBSTITUTE(SUBSTITUTE(SUBSTITUTE(SUBSTITUTE(SUBSTITUTE(SUBSTITUTE(SUBSTITUTE(LOWER(TRIM(A35)),"á","a"),"é","e"),"í","i"),"ó","o"),"ú","u"),"ü","u"),"ñ","n"),"à","a"),"è","e"),"ì","i"),"ò","o"),"ù","u")="","(sin apodo)",SUBSTITUTE(SUBSTITUTE(SUBSTITUTE(SUBSTITUTE(SUBSTITUTE(SUBSTITUTE(SUBSTITUTE(SUBSTITUTE(SUBSTITUTE(SUBSTITUTE(SUBSTITUTE(SUBSTITUTE(LOWER(TRIM(A35)),"á","a"),"é","e"),"í","i"),"ó","o"),"ú","u"),"ü","u"),"ñ","n"),"à","a"),"è","e"),"ì","i"),"ò","o"),"ù","u")),"") | Y35: =IF(X35="","",IF(IFERROR(COUNTIF(X$3:X35,"="&SUBSTITUTE(SUBSTITUTE(SUBSTITUTE(X35,"~","~~"),"*","~*"),"?","~?")),0)=1,1,"")) | Z35: =IF(T35=1,MAX(Z$2:Z34)+1,"")
A36: =IF(A$2=0,"",IFERROR(TRIM(INDEX('Pegar calibracion'!$A$1:$BZ$1001,35,A$2)&""),"")) | B36: =IF(B$2=0,"",IFERROR(TRIM(INDEX('Pegar calibracion'!$A$1:$BZ$1001,35,B$2)&""),"")) | C36: =IF(C$2=0,"",IFERROR(TRIM(INDEX('Pegar calibracion'!$A$1:$BZ$1001,35,C$2)&""),"")) | D36: =IF(D$2=0,"",IFERROR(TRIM(INDEX('Pegar calibracion'!$A$1:$BZ$1001,35,D$2)&""),"")) | E36: =IF(E$2=0,"",IFERROR(TRIM(INDEX('Pegar calibracion'!$A$1:$BZ$1001,35,E$2)&""),"")) | F36: =IF(F$2=0,"",IFERROR(TRIM(INDEX('Pegar calibracion'!$A$1:$BZ$1001,35,F$2)&""),"")) | G36: =IF(G$2=0,"",IFERROR(TRIM(INDEX('Pegar calibracion'!$A$1:$BZ$1001,35,G$2)&""),"")) | H36: =IF(H$2=0,"",IFERROR(TRIM(INDEX('Pegar calibracion'!$A$1:$BZ$1001,35,H$2)&""),"")) | ... L36: =IF(L$2=0,"",IFERROR(TRIM(INDEX('Pegar calibracion'!$A$1:$BZ$1001,35,L$2)&""),"")) | M36: =IF(D36="","",SUBSTITUTE(SUBSTITUTE(SUBSTITUTE(SUBSTITUTE(SUBSTITUTE(SUBSTITUTE(SUBSTITUTE(SUBSTITUTE(SUBSTITUTE(SUBSTITUTE(SUBSTITUTE(SUBSTITUTE(LOWER(TRIM(D36)),"á","a"),"é","e"),"í","i"),"ó","o"),"ú","u"),"ü","u"),"ñ","n"),"à","a"),"è","e"),"ì","i"),"ò","o"),"ù","u")) | N36: =IF(F36="","",SUBSTITUTE(SUBSTITUTE(SUBSTITUTE(SUBSTITUTE(SUBSTITUTE(SUBSTITUTE(SUBSTITUTE(SUBSTITUTE(SUBSTITUTE(SUBSTITUTE(SUBSTITUTE(SUBSTITUTE(LOWER(TRIM(F36)),"á","a"),"é","e"),"í","i"),"ó","o"),"ú","u"),"ü","u"),"ñ","n"),"à","a"),"è","e"),"ì","i"),"ò","o"),"ù","u")) | O36: =IF(M36="confiable",2,IF(M36="dudosa",1,IF(M36="no confiable",0,""))) | P36: =IF(N36="confiable",2,IF(N36="dudosa",1,IF(N36="no confiable",0,""))) | Q36: =IF(AND(ISNUMBER(O36),ISNUMBER(P36)),1,"") | R36: =IF(Q36=1,IF(O36=P36,"Sí","No"),"") | S36: =IF(Q36=1,IF(P36<O36,"Más estricto",IF(P36>O36,"Más permisivo","Igual")),"") | T36: =IF(Q36=1,IF(ABS(O36-P36)=2,1,0),"") | U36: =IF(H36="","","|"&SUBSTITUTE(SUBSTITUTE(TRIM(H36)," |","|"),"| ","|")&"|") | V36: =IF(AND(Q36=1,B36<>""),IF(IFERROR(COUNTIFS(B$3:B36,"="&SUBSTITUTE(SUBSTITUTE(SUBSTITUTE(B36,"~","~~"),"*","~*"),"?","~?"),Q$3:Q36,1),0)=1,MAX(V$2:V35)+1,""),"") | W36: =IF(V36="","",COUNTIFS($B$3:$B$1002,"="&SUBSTITUTE(SUBSTITUTE(SUBSTITUTE(B36,"~","~~"),"*","~*"),"?","~?"),$Q$3:$Q$1002,1)*10000-V36) | X36: =IF(Q36=1,IF(SUBSTITUTE(SUBSTITUTE(SUBSTITUTE(SUBSTITUTE(SUBSTITUTE(SUBSTITUTE(SUBSTITUTE(SUBSTITUTE(SUBSTITUTE(SUBSTITUTE(SUBSTITUTE(SUBSTITUTE(LOWER(TRIM(A36)),"á","a"),"é","e"),"í","i"),"ó","o"),"ú","u"),"ü","u"),"ñ","n"),"à","a"),"è","e"),"ì","i"),"ò","o"),"ù","u")="","(sin apodo)",SUBSTITUTE(SUBSTITUTE(SUBSTITUTE(SUBSTITUTE(SUBSTITUTE(SUBSTITUTE(SUBSTITUTE(SUBSTITUTE(SUBSTITUTE(SUBSTITUTE(SUBSTITUTE(SUBSTITUTE(LOWER(TRIM(A36)),"á","a"),"é","e"),"í","i"),"ó","o"),"ú","u"),"ü","u"),"ñ","n"),"à","a"),"è","e"),"ì","i"),"ò","o"),"ù","u")),"") | Y36: =IF(X36="","",IF(IFERROR(COUNTIF(X$3:X36,"="&SUBSTITUTE(SUBSTITUTE(SUBSTITUTE(X36,"~","~~"),"*","~*"),"?","~?")),0)=1,1,"")) | Z36: =IF(T36=1,MAX(Z$2:Z35)+1,"")
A37: =IF(A$2=0,"",IFERROR(TRIM(INDEX('Pegar calibracion'!$A$1:$BZ$1001,36,A$2)&""),"")) | B37: =IF(B$2=0,"",IFERROR(TRIM(INDEX('Pegar calibracion'!$A$1:$BZ$1001,36,B$2)&""),"")) | C37: =IF(C$2=0,"",IFERROR(TRIM(INDEX('Pegar calibracion'!$A$1:$BZ$1001,36,C$2)&""),"")) | D37: =IF(D$2=0,"",IFERROR(TRIM(INDEX('Pegar calibracion'!$A$1:$BZ$1001,36,D$2)&""),"")) | E37: =IF(E$2=0,"",IFERROR(TRIM(INDEX('Pegar calibracion'!$A$1:$BZ$1001,36,E$2)&""),"")) | F37: =IF(F$2=0,"",IFERROR(TRIM(INDEX('Pegar calibracion'!$A$1:$BZ$1001,36,F$2)&""),"")) | G37: =IF(G$2=0,"",IFERROR(TRIM(INDEX('Pegar calibracion'!$A$1:$BZ$1001,36,G$2)&""),"")) | H37: =IF(H$2=0,"",IFERROR(TRIM(INDEX('Pegar calibracion'!$A$1:$BZ$1001,36,H$2)&""),"")) | ... L37: =IF(L$2=0,"",IFERROR(TRIM(INDEX('Pegar calibracion'!$A$1:$BZ$1001,36,L$2)&""),"")) | M37: =IF(D37="","",SUBSTITUTE(SUBSTITUTE(SUBSTITUTE(SUBSTITUTE(SUBSTITUTE(SUBSTITUTE(SUBSTITUTE(SUBSTITUTE(SUBSTITUTE(SUBSTITUTE(SUBSTITUTE(SUBSTITUTE(LOWER(TRIM(D37)),"á","a"),"é","e"),"í","i"),"ó","o"),"ú","u"),"ü","u"),"ñ","n"),"à","a"),"è","e"),"ì","i"),"ò","o"),"ù","u")) | N37: =IF(F37="","",SUBSTITUTE(SUBSTITUTE(SUBSTITUTE(SUBSTITUTE(SUBSTITUTE(SUBSTITUTE(SUBSTITUTE(SUBSTITUTE(SUBSTITUTE(SUBSTITUTE(SUBSTITUTE(SUBSTITUTE(LOWER(TRIM(F37)),"á","a"),"é","e"),"í","i"),"ó","o"),"ú","u"),"ü","u"),"ñ","n"),"à","a"),"è","e"),"ì","i"),"ò","o"),"ù","u")) | O37: =IF(M37="confiable",2,IF(M37="dudosa",1,IF(M37="no confiable",0,""))) | P37: =IF(N37="confiable",2,IF(N37="dudosa",1,IF(N37="no confiable",0,""))) | Q37: =IF(AND(ISNUMBER(O37),ISNUMBER(P37)),1,"") | R37: =IF(Q37=1,IF(O37=P37,"Sí","No"),"") | S37: =IF(Q37=1,IF(P37<O37,"Más estricto",IF(P37>O37,"Más permisivo","Igual")),"") | T37: =IF(Q37=1,IF(ABS(O37-P37)=2,1,0),"") | U37: =IF(H37="","","|"&SUBSTITUTE(SUBSTITUTE(TRIM(H37)," |","|"),"| ","|")&"|") | V37: =IF(AND(Q37=1,B37<>""),IF(IFERROR(COUNTIFS(B$3:B37,"="&SUBSTITUTE(SUBSTITUTE(SUBSTITUTE(B37,"~","~~"),"*","~*"),"?","~?"),Q$3:Q37,1),0)=1,MAX(V$2:V36)+1,""),"") | W37: =IF(V37="","",COUNTIFS($B$3:$B$1002,"="&SUBSTITUTE(SUBSTITUTE(SUBSTITUTE(B37,"~","~~"),"*","~*"),"?","~?"),$Q$3:$Q$1002,1)*10000-V37) | X37: =IF(Q37=1,IF(SUBSTITUTE(SUBSTITUTE(SUBSTITUTE(SUBSTITUTE(SUBSTITUTE(SUBSTITUTE(SUBSTITUTE(SUBSTITUTE(SUBSTITUTE(SUBSTITUTE(SUBSTITUTE(SUBSTITUTE(LOWER(TRIM(A37)),"á","a"),"é","e"),"í","i"),"ó","o"),"ú","u"),"ü","u"),"ñ","n"),"à","a"),"è","e"),"ì","i"),"ò","o"),"ù","u")="","(sin apodo)",SUBSTITUTE(SUBSTITUTE(SUBSTITUTE(SUBSTITUTE(SUBSTITUTE(SUBSTITUTE(SUBSTITUTE(SUBSTITUTE(SUBSTITUTE(SUBSTITUTE(SUBSTITUTE(SUBSTITUTE(LOWER(TRIM(A37)),"á","a"),"é","e"),"í","i"),"ó","o"),"ú","u"),"ü","u"),"ñ","n"),"à","a"),"è","e"),"ì","i"),"ò","o"),"ù","u")),"") | Y37: =IF(X37="","",IF(IFERROR(COUNTIF(X$3:X37,"="&SUBSTITUTE(SUBSTITUTE(SUBSTITUTE(X37,"~","~~"),"*","~*"),"?","~?")),0)=1,1,"")) | Z37: =IF(T37=1,MAX(Z$2:Z36)+1,"")
A38: =IF(A$2=0,"",IFERROR(TRIM(INDEX('Pegar calibracion'!$A$1:$BZ$1001,37,A$2)&""),"")) | B38: =IF(B$2=0,"",IFERROR(TRIM(INDEX('Pegar calibracion'!$A$1:$BZ$1001,37,B$2)&""),"")) | C38: =IF(C$2=0,"",IFERROR(TRIM(INDEX('Pegar calibracion'!$A$1:$BZ$1001,37,C$2)&""),"")) | D38: =IF(D$2=0,"",IFERROR(TRIM(INDEX('Pegar calibracion'!$A$1:$BZ$1001,37,D$2)&""),"")) | E38: =IF(E$2=0,"",IFERROR(TRIM(INDEX('Pegar calibracion'!$A$1:$BZ$1001,37,E$2)&""),"")) | F38: =IF(F$2=0,"",IFERROR(TRIM(INDEX('Pegar calibracion'!$A$1:$BZ$1001,37,F$2)&""),"")) | G38: =IF(G$2=0,"",IFERROR(TRIM(INDEX('Pegar calibracion'!$A$1:$BZ$1001,37,G$2)&""),"")) | H38: =IF(H$2=0,"",IFERROR(TRIM(INDEX('Pegar calibracion'!$A$1:$BZ$1001,37,H$2)&""),"")) | ... L38: =IF(L$2=0,"",IFERROR(TRIM(INDEX('Pegar calibracion'!$A$1:$BZ$1001,37,L$2)&""),"")) | M38: =IF(D38="","",SUBSTITUTE(SUBSTITUTE(SUBSTITUTE(SUBSTITUTE(SUBSTITUTE(SUBSTITUTE(SUBSTITUTE(SUBSTITUTE(SUBSTITUTE(SUBSTITUTE(SUBSTITUTE(SUBSTITUTE(LOWER(TRIM(D38)),"á","a"),"é","e"),"í","i"),"ó","o"),"ú","u"),"ü","u"),"ñ","n"),"à","a"),"è","e"),"ì","i"),"ò","o"),"ù","u")) | N38: =IF(F38="","",SUBSTITUTE(SUBSTITUTE(SUBSTITUTE(SUBSTITUTE(SUBSTITUTE(SUBSTITUTE(SUBSTITUTE(SUBSTITUTE(SUBSTITUTE(SUBSTITUTE(SUBSTITUTE(SUBSTITUTE(LOWER(TRIM(F38)),"á","a"),"é","e"),"í","i"),"ó","o"),"ú","u"),"ü","u"),"ñ","n"),"à","a"),"è","e"),"ì","i"),"ò","o"),"ù","u")) | O38: =IF(M38="confiable",2,IF(M38="dudosa",1,IF(M38="no confiable",0,""))) | P38: =IF(N38="confiable",2,IF(N38="dudosa",1,IF(N38="no confiable",0,""))) | Q38: =IF(AND(ISNUMBER(O38),ISNUMBER(P38)),1,"") | R38: =IF(Q38=1,IF(O38=P38,"Sí","No"),"") | S38: =IF(Q38=1,IF(P38<O38,"Más estricto",IF(P38>O38,"Más permisivo","Igual")),"") | T38: =IF(Q38=1,IF(ABS(O38-P38)=2,1,0),"") | U38: =IF(H38="","","|"&SUBSTITUTE(SUBSTITUTE(TRIM(H38)," |","|"),"| ","|")&"|") | V38: =IF(AND(Q38=1,B38<>""),IF(IFERROR(COUNTIFS(B$3:B38,"="&SUBSTITUTE(SUBSTITUTE(SUBSTITUTE(B38,"~","~~"),"*","~*"),"?","~?"),Q$3:Q38,1),0)=1,MAX(V$2:V37)+1,""),"") | W38: =IF(V38="","",COUNTIFS($B$3:$B$1002,"="&SUBSTITUTE(SUBSTITUTE(SUBSTITUTE(B38,"~","~~"),"*","~*"),"?","~?"),$Q$3:$Q$1002,1)*10000-V38) | X38: =IF(Q38=1,IF(SUBSTITUTE(SUBSTITUTE(SUBSTITUTE(SUBSTITUTE(SUBSTITUTE(SUBSTITUTE(SUBSTITUTE(SUBSTITUTE(SUBSTITUTE(SUBSTITUTE(SUBSTITUTE(SUBSTITUTE(LOWER(TRIM(A38)),"á","a"),"é","e"),"í","i"),"ó","o"),"ú","u"),"ü","u"),"ñ","n"),"à","a"),"è","e"),"ì","i"),"ò","o"),"ù","u")="","(sin apodo)",SUBSTITUTE(SUBSTITUTE(SUBSTITUTE(SUBSTITUTE(SUBSTITUTE(SUBSTITUTE(SUBSTITUTE(SUBSTITUTE(SUBSTITUTE(SUBSTITUTE(SUBSTITUTE(SUBSTITUTE(LOWER(TRIM(A38)),"á","a"),"é","e"),"í","i"),"ó","o"),"ú","u"),"ü","u"),"ñ","n"),"à","a"),"è","e"),"ì","i"),"ò","o"),"ù","u")),"") | Y38: =IF(X38="","",IF(IFERROR(COUNTIF(X$3:X38,"="&SUBSTITUTE(SUBSTITUTE(SUBSTITUTE(X38,"~","~~"),"*","~*"),"?","~?")),0)=1,1,"")) | Z38: =IF(T38=1,MAX(Z$2:Z37)+1,"")
A39: =IF(A$2=0,"",IFERROR(TRIM(INDEX('Pegar calibracion'!$A$1:$BZ$1001,38,A$2)&""),"")) | B39: =IF(B$2=0,"",IFERROR(TRIM(INDEX('Pegar calibracion'!$A$1:$BZ$1001,38,B$2)&""),"")) | C39: =IF(C$2=0,"",IFERROR(TRIM(INDEX('Pegar calibracion'!$A$1:$BZ$1001,38,C$2)&""),"")) | D39: =IF(D$2=0,"",IFERROR(TRIM(INDEX('Pegar calibracion'!$A$1:$BZ$1001,38,D$2)&""),"")) | E39: =IF(E$2=0,"",IFERROR(TRIM(INDEX('Pegar calibracion'!$A$1:$BZ$1001,38,E$2)&""),"")) | F39: =IF(F$2=0,"",IFERROR(TRIM(INDEX('Pegar calibracion'!$A$1:$BZ$1001,38,F$2)&""),"")) | G39: =IF(G$2=0,"",IFERROR(TRIM(INDEX('Pegar calibracion'!$A$1:$BZ$1001,38,G$2)&""),"")) | H39: =IF(H$2=0,"",IFERROR(TRIM(INDEX('Pegar calibracion'!$A$1:$BZ$1001,38,H$2)&""),"")) | ... L39: =IF(L$2=0,"",IFERROR(TRIM(INDEX('Pegar calibracion'!$A$1:$BZ$1001,38,L$2)&""),"")) | M39: =IF(D39="","",SUBSTITUTE(SUBSTITUTE(SUBSTITUTE(SUBSTITUTE(SUBSTITUTE(SUBSTITUTE(SUBSTITUTE(SUBSTITUTE(SUBSTITUTE(SUBSTITUTE(SUBSTITUTE(SUBSTITUTE(LOWER(TRIM(D39)),"á","a"),"é","e"),"í","i"),"ó","o"),"ú","u"),"ü","u"),"ñ","n"),"à","a"),"è","e"),"ì","i"),"ò","o"),"ù","u")) | N39: =IF(F39="","",SUBSTITUTE(SUBSTITUTE(SUBSTITUTE(SUBSTITUTE(SUBSTITUTE(SUBSTITUTE(SUBSTITUTE(SUBSTITUTE(SUBSTITUTE(SUBSTITUTE(SUBSTITUTE(SUBSTITUTE(LOWER(TRIM(F39)),"á","a"),"é","e"),"í","i"),"ó","o"),"ú","u"),"ü","u"),"ñ","n"),"à","a"),"è","e"),"ì","i"),"ò","o"),"ù","u")) | O39: =IF(M39="confiable",2,IF(M39="dudosa",1,IF(M39="no confiable",0,""))) | P39: =IF(N39="confiable",2,IF(N39="dudosa",1,IF(N39="no confiable",0,""))) | Q39: =IF(AND(ISNUMBER(O39),ISNUMBER(P39)),1,"") | R39: =IF(Q39=1,IF(O39=P39,"Sí","No"),"") | S39: =IF(Q39=1,IF(P39<O39,"Más estricto",IF(P39>O39,"Más permisivo","Igual")),"") | T39: =IF(Q39=1,IF(ABS(O39-P39)=2,1,0),"") | U39: =IF(H39="","","|"&SUBSTITUTE(SUBSTITUTE(TRIM(H39)," |","|"),"| ","|")&"|") | V39: =IF(AND(Q39=1,B39<>""),IF(IFERROR(COUNTIFS(B$3:B39,"="&SUBSTITUTE(SUBSTITUTE(SUBSTITUTE(B39,"~","~~"),"*","~*"),"?","~?"),Q$3:Q39,1),0)=1,MAX(V$2:V38)+1,""),"") | W39: =IF(V39="","",COUNTIFS($B$3:$B$1002,"="&SUBSTITUTE(SUBSTITUTE(SUBSTITUTE(B39,"~","~~"),"*","~*"),"?","~?"),$Q$3:$Q$1002,1)*10000-V39) | X39: =IF(Q39=1,IF(SUBSTITUTE(SUBSTITUTE(SUBSTITUTE(SUBSTITUTE(SUBSTITUTE(SUBSTITUTE(SUBSTITUTE(SUBSTITUTE(SUBSTITUTE(SUBSTITUTE(SUBSTITUTE(SUBSTITUTE(LOWER(TRIM(A39)),"á","a"),"é","e"),"í","i"),"ó","o"),"ú","u"),"ü","u"),"ñ","n"),"à","a"),"è","e"),"ì","i"),"ò","o"),"ù","u")="","(sin apodo)",SUBSTITUTE(SUBSTITUTE(SUBSTITUTE(SUBSTITUTE(SUBSTITUTE(SUBSTITUTE(SUBSTITUTE(SUBSTITUTE(SUBSTITUTE(SUBSTITUTE(SUBSTITUTE(SUBSTITUTE(LOWER(TRIM(A39)),"á","a"),"é","e"),"í","i"),"ó","o"),"ú","u"),"ü","u"),"ñ","n"),"à","a"),"è","e"),"ì","i"),"ò","o"),"ù","u")),"") | Y39: =IF(X39="","",IF(IFERROR(COUNTIF(X$3:X39,"="&SUBSTITUTE(SUBSTITUTE(SUBSTITUTE(X39,"~","~~"),"*","~*"),"?","~?")),0)=1,1,"")) | Z39: =IF(T39=1,MAX(Z$2:Z38)+1,"")
A40: =IF(A$2=0,"",IFERROR(TRIM(INDEX('Pegar calibracion'!$A$1:$BZ$1001,39,A$2)&""),"")) | B40: =IF(B$2=0,"",IFERROR(TRIM(INDEX('Pegar calibracion'!$A$1:$BZ$1001,39,B$2)&""),"")) | C40: =IF(C$2=0,"",IFERROR(TRIM(INDEX('Pegar calibracion'!$A$1:$BZ$1001,39,C$2)&""),"")) | D40: =IF(D$2=0,"",IFERROR(TRIM(INDEX('Pegar calibracion'!$A$1:$BZ$1001,39,D$2)&""),"")) | E40: =IF(E$2=0,"",IFERROR(TRIM(INDEX('Pegar calibracion'!$A$1:$BZ$1001,39,E$2)&""),"")) | F40: =IF(F$2=0,"",IFERROR(TRIM(INDEX('Pegar calibracion'!$A$1:$BZ$1001,39,F$2)&""),"")) | G40: =IF(G$2=0,"",IFERROR(TRIM(INDEX('Pegar calibracion'!$A$1:$BZ$1001,39,G$2)&""),"")) | H40: =IF(H$2=0,"",IFERROR(TRIM(INDEX('Pegar calibracion'!$A$1:$BZ$1001,39,H$2)&""),"")) | ... L40: =IF(L$2=0,"",IFERROR(TRIM(INDEX('Pegar calibracion'!$A$1:$BZ$1001,39,L$2)&""),"")) | M40: =IF(D40="","",SUBSTITUTE(SUBSTITUTE(SUBSTITUTE(SUBSTITUTE(SUBSTITUTE(SUBSTITUTE(SUBSTITUTE(SUBSTITUTE(SUBSTITUTE(SUBSTITUTE(SUBSTITUTE(SUBSTITUTE(LOWER(TRIM(D40)),"á","a"),"é","e"),"í","i"),"ó","o"),"ú","u"),"ü","u"),"ñ","n"),"à","a"),"è","e"),"ì","i"),"ò","o"),"ù","u")) | N40: =IF(F40="","",SUBSTITUTE(SUBSTITUTE(SUBSTITUTE(SUBSTITUTE(SUBSTITUTE(SUBSTITUTE(SUBSTITUTE(SUBSTITUTE(SUBSTITUTE(SUBSTITUTE(SUBSTITUTE(SUBSTITUTE(LOWER(TRIM(F40)),"á","a"),"é","e"),"í","i"),"ó","o"),"ú","u"),"ü","u"),"ñ","n"),"à","a"),"è","e"),"ì","i"),"ò","o"),"ù","u")) | O40: =IF(M40="confiable",2,IF(M40="dudosa",1,IF(M40="no confiable",0,""))) | P40: =IF(N40="confiable",2,IF(N40="dudosa",1,IF(N40="no confiable",0,""))) | Q40: =IF(AND(ISNUMBER(O40),ISNUMBER(P40)),1,"") | R40: =IF(Q40=1,IF(O40=P40,"Sí","No"),"") | S40: =IF(Q40=1,IF(P40<O40,"Más estricto",IF(P40>O40,"Más permisivo","Igual")),"") | T40: =IF(Q40=1,IF(ABS(O40-P40)=2,1,0),"") | U40: =IF(H40="","","|"&SUBSTITUTE(SUBSTITUTE(TRIM(H40)," |","|"),"| ","|")&"|") | V40: =IF(AND(Q40=1,B40<>""),IF(IFERROR(COUNTIFS(B$3:B40,"="&SUBSTITUTE(SUBSTITUTE(SUBSTITUTE(B40,"~","~~"),"*","~*"),"?","~?"),Q$3:Q40,1),0)=1,MAX(V$2:V39)+1,""),"") | W40: =IF(V40="","",COUNTIFS($B$3:$B$1002,"="&SUBSTITUTE(SUBSTITUTE(SUBSTITUTE(B40,"~","~~"),"*","~*"),"?","~?"),$Q$3:$Q$1002,1)*10000-V40) | X40: =IF(Q40=1,IF(SUBSTITUTE(SUBSTITUTE(SUBSTITUTE(SUBSTITUTE(SUBSTITUTE(SUBSTITUTE(SUBSTITUTE(SUBSTITUTE(SUBSTITUTE(SUBSTITUTE(SUBSTITUTE(SUBSTITUTE(LOWER(TRIM(A40)),"á","a"),"é","e"),"í","i"),"ó","o"),"ú","u"),"ü","u"),"ñ","n"),"à","a"),"è","e"),"ì","i"),"ò","o"),"ù","u")="","(sin apodo)",SUBSTITUTE(SUBSTITUTE(SUBSTITUTE(SUBSTITUTE(SUBSTITUTE(SUBSTITUTE(SUBSTITUTE(SUBSTITUTE(SUBSTITUTE(SUBSTITUTE(SUBSTITUTE(SUBSTITUTE(LOWER(TRIM(A40)),"á","a"),"é","e"),"í","i"),"ó","o"),"ú","u"),"ü","u"),"ñ","n"),"à","a"),"è","e"),"ì","i"),"ò","o"),"ù","u")),"") | Y40: =IF(X40="","",IF(IFERROR(COUNTIF(X$3:X40,"="&SUBSTITUTE(SUBSTITUTE(SUBSTITUTE(X40,"~","~~"),"*","~*"),"?","~?")),0)=1,1,"")) | Z40: =IF(T40=1,MAX(Z$2:Z39)+1,"")
A41: =IF(A$2=0,"",IFERROR(TRIM(INDEX('Pegar calibracion'!$A$1:$BZ$1001,40,A$2)&""),"")) | B41: =IF(B$2=0,"",IFERROR(TRIM(INDEX('Pegar calibracion'!$A$1:$BZ$1001,40,B$2)&""),"")) | C41: =IF(C$2=0,"",IFERROR(TRIM(INDEX('Pegar calibracion'!$A$1:$BZ$1001,40,C$2)&""),"")) | D41: =IF(D$2=0,"",IFERROR(TRIM(INDEX('Pegar calibracion'!$A$1:$BZ$1001,40,D$2)&""),"")) | E41: =IF(E$2=0,"",IFERROR(TRIM(INDEX('Pegar calibracion'!$A$1:$BZ$1001,40,E$2)&""),"")) | F41: =IF(F$2=0,"",IFERROR(TRIM(INDEX('Pegar calibracion'!$A$1:$BZ$1001,40,F$2)&""),"")) | G41: =IF(G$2=0,"",IFERROR(TRIM(INDEX('Pegar calibracion'!$A$1:$BZ$1001,40,G$2)&""),"")) | H41: =IF(H$2=0,"",IFERROR(TRIM(INDEX('Pegar calibracion'!$A$1:$BZ$1001,40,H$2)&""),"")) | ... L41: =IF(L$2=0,"",IFERROR(TRIM(INDEX('Pegar calibracion'!$A$1:$BZ$1001,40,L$2)&""),"")) | M41: =IF(D41="","",SUBSTITUTE(SUBSTITUTE(SUBSTITUTE(SUBSTITUTE(SUBSTITUTE(SUBSTITUTE(SUBSTITUTE(SUBSTITUTE(SUBSTITUTE(SUBSTITUTE(SUBSTITUTE(SUBSTITUTE(LOWER(TRIM(D41)),"á","a"),"é","e"),"í","i"),"ó","o"),"ú","u"),"ü","u"),"ñ","n"),"à","a"),"è","e"),"ì","i"),"ò","o"),"ù","u")) | N41: =IF(F41="","",SUBSTITUTE(SUBSTITUTE(SUBSTITUTE(SUBSTITUTE(SUBSTITUTE(SUBSTITUTE(SUBSTITUTE(SUBSTITUTE(SUBSTITUTE(SUBSTITUTE(SUBSTITUTE(SUBSTITUTE(LOWER(TRIM(F41)),"á","a"),"é","e"),"í","i"),"ó","o"),"ú","u"),"ü","u"),"ñ","n"),"à","a"),"è","e"),"ì","i"),"ò","o"),"ù","u")) | O41: =IF(M41="confiable",2,IF(M41="dudosa",1,IF(M41="no confiable",0,""))) | P41: =IF(N41="confiable",2,IF(N41="dudosa",1,IF(N41="no confiable",0,""))) | Q41: =IF(AND(ISNUMBER(O41),ISNUMBER(P41)),1,"") | R41: =IF(Q41=1,IF(O41=P41,"Sí","No"),"") | S41: =IF(Q41=1,IF(P41<O41,"Más estricto",IF(P41>O41,"Más permisivo","Igual")),"") | T41: =IF(Q41=1,IF(ABS(O41-P41)=2,1,0),"") | U41: =IF(H41="","","|"&SUBSTITUTE(SUBSTITUTE(TRIM(H41)," |","|"),"| ","|")&"|") | V41: =IF(AND(Q41=1,B41<>""),IF(IFERROR(COUNTIFS(B$3:B41,"="&SUBSTITUTE(SUBSTITUTE(SUBSTITUTE(B41,"~","~~"),"*","~*"),"?","~?"),Q$3:Q41,1),0)=1,MAX(V$2:V40)+1,""),"") | W41: =IF(V41="","",COUNTIFS($B$3:$B$1002,"="&SUBSTITUTE(SUBSTITUTE(SUBSTITUTE(B41,"~","~~"),"*","~*"),"?","~?"),$Q$3:$Q$1002,1)*10000-V41) | X41: =IF(Q41=1,IF(SUBSTITUTE(SUBSTITUTE(SUBSTITUTE(SUBSTITUTE(SUBSTITUTE(SUBSTITUTE(SUBSTITUTE(SUBSTITUTE(SUBSTITUTE(SUBSTITUTE(SUBSTITUTE(SUBSTITUTE(LOWER(TRIM(A41)),"á","a"),"é","e"),"í","i"),"ó","o"),"ú","u"),"ü","u"),"ñ","n"),"à","a"),"è","e"),"ì","i"),"ò","o"),"ù","u")="","(sin apodo)",SUBSTITUTE(SUBSTITUTE(SUBSTITUTE(SUBSTITUTE(SUBSTITUTE(SUBSTITUTE(SUBSTITUTE(SUBSTITUTE(SUBSTITUTE(SUBSTITUTE(SUBSTITUTE(SUBSTITUTE(LOWER(TRIM(A41)),"á","a"),"é","e"),"í","i"),"ó","o"),"ú","u"),"ü","u"),"ñ","n"),"à","a"),"è","e"),"ì","i"),"ò","o"),"ù","u")),"") | Y41: =IF(X41="","",IF(IFERROR(COUNTIF(X$3:X41,"="&SUBSTITUTE(SUBSTITUTE(SUBSTITUTE(X41,"~","~~"),"*","~*"),"?","~?")),0)=1,1,"")) | Z41: =IF(T41=1,MAX(Z$2:Z40)+1,"")
A42: =IF(A$2=0,"",IFERROR(TRIM(INDEX('Pegar calibracion'!$A$1:$BZ$1001,41,A$2)&""),"")) | B42: =IF(B$2=0,"",IFERROR(TRIM(INDEX('Pegar calibracion'!$A$1:$BZ$1001,41,B$2)&""),"")) | C42: =IF(C$2=0,"",IFERROR(TRIM(INDEX('Pegar calibracion'!$A$1:$BZ$1001,41,C$2)&""),"")) | D42: =IF(D$2=0,"",IFERROR(TRIM(INDEX('Pegar calibracion'!$A$1:$BZ$1001,41,D$2)&""),"")) | E42: =IF(E$2=0,"",IFERROR(TRIM(INDEX('Pegar calibracion'!$A$1:$BZ$1001,41,E$2)&""),"")) | F42: =IF(F$2=0,"",IFERROR(TRIM(INDEX('Pegar calibracion'!$A$1:$BZ$1001,41,F$2)&""),"")) | G42: =IF(G$2=0,"",IFERROR(TRIM(INDEX('Pegar calibracion'!$A$1:$BZ$1001,41,G$2)&""),"")) | H42: =IF(H$2=0,"",IFERROR(TRIM(INDEX('Pegar calibracion'!$A$1:$BZ$1001,41,H$2)&""),"")) | ... L42: =IF(L$2=0,"",IFERROR(TRIM(INDEX('Pegar calibracion'!$A$1:$BZ$1001,41,L$2)&""),"")) | M42: =IF(D42="","",SUBSTITUTE(SUBSTITUTE(SUBSTITUTE(SUBSTITUTE(SUBSTITUTE(SUBSTITUTE(SUBSTITUTE(SUBSTITUTE(SUBSTITUTE(SUBSTITUTE(SUBSTITUTE(SUBSTITUTE(LOWER(TRIM(D42)),"á","a"),"é","e"),"í","i"),"ó","o"),"ú","u"),"ü","u"),"ñ","n"),"à","a"),"è","e"),"ì","i"),"ò","o"),"ù","u")) | N42: =IF(F42="","",SUBSTITUTE(SUBSTITUTE(SUBSTITUTE(SUBSTITUTE(SUBSTITUTE(SUBSTITUTE(SUBSTITUTE(SUBSTITUTE(SUBSTITUTE(SUBSTITUTE(SUBSTITUTE(SUBSTITUTE(LOWER(TRIM(F42)),"á","a"),"é","e"),"í","i"),"ó","o"),"ú","u"),"ü","u"),"ñ","n"),"à","a"),"è","e"),"ì","i"),"ò","o"),"ù","u")) | O42: =IF(M42="confiable",2,IF(M42="dudosa",1,IF(M42="no confiable",0,""))) | P42: =IF(N42="confiable",2,IF(N42="dudosa",1,IF(N42="no confiable",0,""))) | Q42: =IF(AND(ISNUMBER(O42),ISNUMBER(P42)),1,"") | R42: =IF(Q42=1,IF(O42=P42,"Sí","No"),"") | S42: =IF(Q42=1,IF(P42<O42,"Más estricto",IF(P42>O42,"Más permisivo","Igual")),"") | T42: =IF(Q42=1,IF(ABS(O42-P42)=2,1,0),"") | U42: =IF(H42="","","|"&SUBSTITUTE(SUBSTITUTE(TRIM(H42)," |","|"),"| ","|")&"|") | V42: =IF(AND(Q42=1,B42<>""),IF(IFERROR(COUNTIFS(B$3:B42,"="&SUBSTITUTE(SUBSTITUTE(SUBSTITUTE(B42,"~","~~"),"*","~*"),"?","~?"),Q$3:Q42,1),0)=1,MAX(V$2:V41)+1,""),"") | W42: =IF(V42="","",COUNTIFS($B$3:$B$1002,"="&SUBSTITUTE(SUBSTITUTE(SUBSTITUTE(B42,"~","~~"),"*","~*"),"?","~?"),$Q$3:$Q$1002,1)*10000-V42) | X42: =IF(Q42=1,IF(SUBSTITUTE(SUBSTITUTE(SUBSTITUTE(SUBSTITUTE(SUBSTITUTE(SUBSTITUTE(SUBSTITUTE(SUBSTITUTE(SUBSTITUTE(SUBSTITUTE(SUBSTITUTE(SUBSTITUTE(LOWER(TRIM(A42)),"á","a"),"é","e"),"í","i"),"ó","o"),"ú","u"),"ü","u"),"ñ","n"),"à","a"),"è","e"),"ì","i"),"ò","o"),"ù","u")="","(sin apodo)",SUBSTITUTE(SUBSTITUTE(SUBSTITUTE(SUBSTITUTE(SUBSTITUTE(SUBSTITUTE(SUBSTITUTE(SUBSTITUTE(SUBSTITUTE(SUBSTITUTE(SUBSTITUTE(SUBSTITUTE(LOWER(TRIM(A42)),"á","a"),"é","e"),"í","i"),"ó","o"),"ú","u"),"ü","u"),"ñ","n"),"à","a"),"è","e"),"ì","i"),"ò","o"),"ù","u")),"") | Y42: =IF(X42="","",IF(IFERROR(COUNTIF(X$3:X42,"="&SUBSTITUTE(SUBSTITUTE(SUBSTITUTE(X42,"~","~~"),"*","~*"),"?","~?")),0)=1,1,"")) | Z42: =IF(T42=1,MAX(Z$2:Z41)+1,"")
A43: =IF(A$2=0,"",IFERROR(TRIM(INDEX('Pegar calibracion'!$A$1:$BZ$1001,42,A$2)&""),"")) | B43: =IF(B$2=0,"",IFERROR(TRIM(INDEX('Pegar calibracion'!$A$1:$BZ$1001,42,B$2)&""),"")) | C43: =IF(C$2=0,"",IFERROR(TRIM(INDEX('Pegar calibracion'!$A$1:$BZ$1001,42,C$2)&""),"")) | D43: =IF(D$2=0,"",IFERROR(TRIM(INDEX('Pegar calibracion'!$A$1:$BZ$1001,42,D$2)&""),"")) | E43: =IF(E$2=0,"",IFERROR(TRIM(INDEX('Pegar calibracion'!$A$1:$BZ$1001,42,E$2)&""),"")) | F43: =IF(F$2=0,"",IFERROR(TRIM(INDEX('Pegar calibracion'!$A$1:$BZ$1001,42,F$2)&""),"")) | G43: =IF(G$2=0,"",IFERROR(TRIM(INDEX('Pegar calibracion'!$A$1:$BZ$1001,42,G$2)&""),"")) | H43: =IF(H$2=0,"",IFERROR(TRIM(INDEX('Pegar calibracion'!$A$1:$BZ$1001,42,H$2)&""),"")) | ... L43: =IF(L$2=0,"",IFERROR(TRIM(INDEX('Pegar calibracion'!$A$1:$BZ$1001,42,L$2)&""),"")) | M43: =IF(D43="","",SUBSTITUTE(SUBSTITUTE(SUBSTITUTE(SUBSTITUTE(SUBSTITUTE(SUBSTITUTE(SUBSTITUTE(SUBSTITUTE(SUBSTITUTE(SUBSTITUTE(SUBSTITUTE(SUBSTITUTE(LOWER(TRIM(D43)),"á","a"),"é","e"),"í","i"),"ó","o"),"ú","u"),"ü","u"),"ñ","n"),"à","a"),"è","e"),"ì","i"),"ò","o"),"ù","u")) | N43: =IF(F43="","",SUBSTITUTE(SUBSTITUTE(SUBSTITUTE(SUBSTITUTE(SUBSTITUTE(SUBSTITUTE(SUBSTITUTE(SUBSTITUTE(SUBSTITUTE(SUBSTITUTE(SUBSTITUTE(SUBSTITUTE(LOWER(TRIM(F43)),"á","a"),"é","e"),"í","i"),"ó","o"),"ú","u"),"ü","u"),"ñ","n"),"à","a"),"è","e"),"ì","i"),"ò","o"),"ù","u")) | O43: =IF(M43="confiable",2,IF(M43="dudosa",1,IF(M43="no confiable",0,""))) | P43: =IF(N43="confiable",2,IF(N43="dudosa",1,IF(N43="no confiable",0,""))) | Q43: =IF(AND(ISNUMBER(O43),ISNUMBER(P43)),1,"") | R43: =IF(Q43=1,IF(O43=P43,"Sí","No"),"") | S43: =IF(Q43=1,IF(P43<O43,"Más estricto",IF(P43>O43,"Más permisivo","Igual")),"") | T43: =IF(Q43=1,IF(ABS(O43-P43)=2,1,0),"") | U43: =IF(H43="","","|"&SUBSTITUTE(SUBSTITUTE(TRIM(H43)," |","|"),"| ","|")&"|") | V43: =IF(AND(Q43=1,B43<>""),IF(IFERROR(COUNTIFS(B$3:B43,"="&SUBSTITUTE(SUBSTITUTE(SUBSTITUTE(B43,"~","~~"),"*","~*"),"?","~?"),Q$3:Q43,1),0)=1,MAX(V$2:V42)+1,""),"") | W43: =IF(V43="","",COUNTIFS($B$3:$B$1002,"="&SUBSTITUTE(SUBSTITUTE(SUBSTITUTE(B43,"~","~~"),"*","~*"),"?","~?"),$Q$3:$Q$1002,1)*10000-V43) | X43: =IF(Q43=1,IF(SUBSTITUTE(SUBSTITUTE(SUBSTITUTE(SUBSTITUTE(SUBSTITUTE(SUBSTITUTE(SUBSTITUTE(SUBSTITUTE(SUBSTITUTE(SUBSTITUTE(SUBSTITUTE(SUBSTITUTE(LOWER(TRIM(A43)),"á","a"),"é","e"),"í","i"),"ó","o"),"ú","u"),"ü","u"),"ñ","n"),"à","a"),"è","e"),"ì","i"),"ò","o"),"ù","u")="","(sin apodo)",SUBSTITUTE(SUBSTITUTE(SUBSTITUTE(SUBSTITUTE(SUBSTITUTE(SUBSTITUTE(SUBSTITUTE(SUBSTITUTE(SUBSTITUTE(SUBSTITUTE(SUBSTITUTE(SUBSTITUTE(LOWER(TRIM(A43)),"á","a"),"é","e"),"í","i"),"ó","o"),"ú","u"),"ü","u"),"ñ","n"),"à","a"),"è","e"),"ì","i"),"ò","o"),"ù","u")),"") | Y43: =IF(X43="","",IF(IFERROR(COUNTIF(X$3:X43,"="&SUBSTITUTE(SUBSTITUTE(SUBSTITUTE(X43,"~","~~"),"*","~*"),"?","~?")),0)=1,1,"")) | Z43: =IF(T43=1,MAX(Z$2:Z42)+1,"")
A44: =IF(A$2=0,"",IFERROR(TRIM(INDEX('Pegar calibracion'!$A$1:$BZ$1001,43,A$2)&""),"")) | B44: =IF(B$2=0,"",IFERROR(TRIM(INDEX('Pegar calibracion'!$A$1:$BZ$1001,43,B$2)&""),"")) | C44: =IF(C$2=0,"",IFERROR(TRIM(INDEX('Pegar calibracion'!$A$1:$BZ$1001,43,C$2)&""),"")) | D44: =IF(D$2=0,"",IFERROR(TRIM(INDEX('Pegar calibracion'!$A$1:$BZ$1001,43,D$2)&""),"")) | E44: =IF(E$2=0,"",IFERROR(TRIM(INDEX('Pegar calibracion'!$A$1:$BZ$1001,43,E$2)&""),"")) | F44: =IF(F$2=0,"",IFERROR(TRIM(INDEX('Pegar calibracion'!$A$1:$BZ$1001,43,F$2)&""),"")) | G44: =IF(G$2=0,"",IFERROR(TRIM(INDEX('Pegar calibracion'!$A$1:$BZ$1001,43,G$2)&""),"")) | H44: =IF(H$2=0,"",IFERROR(TRIM(INDEX('Pegar calibracion'!$A$1:$BZ$1001,43,H$2)&""),"")) | ... L44: =IF(L$2=0,"",IFERROR(TRIM(INDEX('Pegar calibracion'!$A$1:$BZ$1001,43,L$2)&""),"")) | M44: =IF(D44="","",SUBSTITUTE(SUBSTITUTE(SUBSTITUTE(SUBSTITUTE(SUBSTITUTE(SUBSTITUTE(SUBSTITUTE(SUBSTITUTE(SUBSTITUTE(SUBSTITUTE(SUBSTITUTE(SUBSTITUTE(LOWER(TRIM(D44)),"á","a"),"é","e"),"í","i"),"ó","o"),"ú","u"),"ü","u"),"ñ","n"),"à","a"),"è","e"),"ì","i"),"ò","o"),"ù","u")) | N44: =IF(F44="","",SUBSTITUTE(SUBSTITUTE(SUBSTITUTE(SUBSTITUTE(SUBSTITUTE(SUBSTITUTE(SUBSTITUTE(SUBSTITUTE(SUBSTITUTE(SUBSTITUTE(SUBSTITUTE(SUBSTITUTE(LOWER(TRIM(F44)),"á","a"),"é","e"),"í","i"),"ó","o"),"ú","u"),"ü","u"),"ñ","n"),"à","a"),"è","e"),"ì","i"),"ò","o"),"ù","u")) | O44: =IF(M44="confiable",2,IF(M44="dudosa",1,IF(M44="no confiable",0,""))) | P44: =IF(N44="confiable",2,IF(N44="dudosa",1,IF(N44="no confiable",0,""))) | Q44: =IF(AND(ISNUMBER(O44),ISNUMBER(P44)),1,"") | R44: =IF(Q44=1,IF(O44=P44,"Sí","No"),"") | S44: =IF(Q44=1,IF(P44<O44,"Más estricto",IF(P44>O44,"Más permisivo","Igual")),"") | T44: =IF(Q44=1,IF(ABS(O44-P44)=2,1,0),"") | U44: =IF(H44="","","|"&SUBSTITUTE(SUBSTITUTE(TRIM(H44)," |","|"),"| ","|")&"|") | V44: =IF(AND(Q44=1,B44<>""),IF(IFERROR(COUNTIFS(B$3:B44,"="&SUBSTITUTE(SUBSTITUTE(SUBSTITUTE(B44,"~","~~"),"*","~*"),"?","~?"),Q$3:Q44,1),0)=1,MAX(V$2:V43)+1,""),"") | W44: =IF(V44="","",COUNTIFS($B$3:$B$1002,"="&SUBSTITUTE(SUBSTITUTE(SUBSTITUTE(B44,"~","~~"),"*","~*"),"?","~?"),$Q$3:$Q$1002,1)*10000-V44) | X44: =IF(Q44=1,IF(SUBSTITUTE(SUBSTITUTE(SUBSTITUTE(SUBSTITUTE(SUBSTITUTE(SUBSTITUTE(SUBSTITUTE(SUBSTITUTE(SUBSTITUTE(SUBSTITUTE(SUBSTITUTE(SUBSTITUTE(LOWER(TRIM(A44)),"á","a"),"é","e"),"í","i"),"ó","o"),"ú","u"),"ü","u"),"ñ","n"),"à","a"),"è","e"),"ì","i"),"ò","o"),"ù","u")="","(sin apodo)",SUBSTITUTE(SUBSTITUTE(SUBSTITUTE(SUBSTITUTE(SUBSTITUTE(SUBSTITUTE(SUBSTITUTE(SUBSTITUTE(SUBSTITUTE(SUBSTITUTE(SUBSTITUTE(SUBSTITUTE(LOWER(TRIM(A44)),"á","a"),"é","e"),"í","i"),"ó","o"),"ú","u"),"ü","u"),"ñ","n"),"à","a"),"è","e"),"ì","i"),"ò","o"),"ù","u")),"") | Y44: =IF(X44="","",IF(IFERROR(COUNTIF(X$3:X44,"="&SUBSTITUTE(SUBSTITUTE(SUBSTITUTE(X44,"~","~~"),"*","~*"),"?","~?")),0)=1,1,"")) | Z44: =IF(T44=1,MAX(Z$2:Z43)+1,"")
A45: =IF(A$2=0,"",IFERROR(TRIM(INDEX('Pegar calibracion'!$A$1:$BZ$1001,44,A$2)&""),"")) | B45: =IF(B$2=0,"",IFERROR(TRIM(INDEX('Pegar calibracion'!$A$1:$BZ$1001,44,B$2)&""),"")) | C45: =IF(C$2=0,"",IFERROR(TRIM(INDEX('Pegar calibracion'!$A$1:$BZ$1001,44,C$2)&""),"")) | D45: =IF(D$2=0,"",IFERROR(TRIM(INDEX('Pegar calibracion'!$A$1:$BZ$1001,44,D$2)&""),"")) | E45: =IF(E$2=0,"",IFERROR(TRIM(INDEX('Pegar calibracion'!$A$1:$BZ$1001,44,E$2)&""),"")) | F45: =IF(F$2=0,"",IFERROR(TRIM(INDEX('Pegar calibracion'!$A$1:$BZ$1001,44,F$2)&""),"")) | G45: =IF(G$2=0,"",IFERROR(TRIM(INDEX('Pegar calibracion'!$A$1:$BZ$1001,44,G$2)&""),"")) | H45: =IF(H$2=0,"",IFERROR(TRIM(INDEX('Pegar calibracion'!$A$1:$BZ$1001,44,H$2)&""),"")) | ... L45: =IF(L$2=0,"",IFERROR(TRIM(INDEX('Pegar calibracion'!$A$1:$BZ$1001,44,L$2)&""),"")) | M45: =IF(D45="","",SUBSTITUTE(SUBSTITUTE(SUBSTITUTE(SUBSTITUTE(SUBSTITUTE(SUBSTITUTE(SUBSTITUTE(SUBSTITUTE(SUBSTITUTE(SUBSTITUTE(SUBSTITUTE(SUBSTITUTE(LOWER(TRIM(D45)),"á","a"),"é","e"),"í","i"),"ó","o"),"ú","u"),"ü","u"),"ñ","n"),"à","a"),"è","e"),"ì","i"),"ò","o"),"ù","u")) | N45: =IF(F45="","",SUBSTITUTE(SUBSTITUTE(SUBSTITUTE(SUBSTITUTE(SUBSTITUTE(SUBSTITUTE(SUBSTITUTE(SUBSTITUTE(SUBSTITUTE(SUBSTITUTE(SUBSTITUTE(SUBSTITUTE(LOWER(TRIM(F45)),"á","a"),"é","e"),"í","i"),"ó","o"),"ú","u"),"ü","u"),"ñ","n"),"à","a"),"è","e"),"ì","i"),"ò","o"),"ù","u")) | O45: =IF(M45="confiable",2,IF(M45="dudosa",1,IF(M45="no confiable",0,""))) | P45: =IF(N45="confiable",2,IF(N45="dudosa",1,IF(N45="no confiable",0,""))) | Q45: =IF(AND(ISNUMBER(O45),ISNUMBER(P45)),1,"") | R45: =IF(Q45=1,IF(O45=P45,"Sí","No"),"") | S45: =IF(Q45=1,IF(P45<O45,"Más estricto",IF(P45>O45,"Más permisivo","Igual")),"") | T45: =IF(Q45=1,IF(ABS(O45-P45)=2,1,0),"") | U45: =IF(H45="","","|"&SUBSTITUTE(SUBSTITUTE(TRIM(H45)," |","|"),"| ","|")&"|") | V45: =IF(AND(Q45=1,B45<>""),IF(IFERROR(COUNTIFS(B$3:B45,"="&SUBSTITUTE(SUBSTITUTE(SUBSTITUTE(B45,"~","~~"),"*","~*"),"?","~?"),Q$3:Q45,1),0)=1,MAX(V$2:V44)+1,""),"") | W45: =IF(V45="","",COUNTIFS($B$3:$B$1002,"="&SUBSTITUTE(SUBSTITUTE(SUBSTITUTE(B45,"~","~~"),"*","~*"),"?","~?"),$Q$3:$Q$1002,1)*10000-V45) | X45: =IF(Q45=1,IF(SUBSTITUTE(SUBSTITUTE(SUBSTITUTE(SUBSTITUTE(SUBSTITUTE(SUBSTITUTE(SUBSTITUTE(SUBSTITUTE(SUBSTITUTE(SUBSTITUTE(SUBSTITUTE(SUBSTITUTE(LOWER(TRIM(A45)),"á","a"),"é","e"),"í","i"),"ó","o"),"ú","u"),"ü","u"),"ñ","n"),"à","a"),"è","e"),"ì","i"),"ò","o"),"ù","u")="","(sin apodo)",SUBSTITUTE(SUBSTITUTE(SUBSTITUTE(SUBSTITUTE(SUBSTITUTE(SUBSTITUTE(SUBSTITUTE(SUBSTITUTE(SUBSTITUTE(SUBSTITUTE(SUBSTITUTE(SUBSTITUTE(LOWER(TRIM(A45)),"á","a"),"é","e"),"í","i"),"ó","o"),"ú","u"),"ü","u"),"ñ","n"),"à","a"),"è","e"),"ì","i"),"ò","o"),"ù","u")),"") | Y45: =IF(X45="","",IF(IFERROR(COUNTIF(X$3:X45,"="&SUBSTITUTE(SUBSTITUTE(SUBSTITUTE(X45,"~","~~"),"*","~*"),"?","~?")),0)=1,1,"")) | Z45: =IF(T45=1,MAX(Z$2:Z44)+1,"")
A46: =IF(A$2=0,"",IFERROR(TRIM(INDEX('Pegar calibracion'!$A$1:$BZ$1001,45,A$2)&""),"")) | B46: =IF(B$2=0,"",IFERROR(TRIM(INDEX('Pegar calibracion'!$A$1:$BZ$1001,45,B$2)&""),"")) | C46: =IF(C$2=0,"",IFERROR(TRIM(INDEX('Pegar calibracion'!$A$1:$BZ$1001,45,C$2)&""),"")) | D46: =IF(D$2=0,"",IFERROR(TRIM(INDEX('Pegar calibracion'!$A$1:$BZ$1001,45,D$2)&""),"")) | E46: =IF(E$2=0,"",IFERROR(TRIM(INDEX('Pegar calibracion'!$A$1:$BZ$1001,45,E$2)&""),"")) | F46: =IF(F$2=0,"",IFERROR(TRIM(INDEX('Pegar calibracion'!$A$1:$BZ$1001,45,F$2)&""),"")) | G46: =IF(G$2=0,"",IFERROR(TRIM(INDEX('Pegar calibracion'!$A$1:$BZ$1001,45,G$2)&""),"")) | H46: =IF(H$2=0,"",IFERROR(TRIM(INDEX('Pegar calibracion'!$A$1:$BZ$1001,45,H$2)&""),"")) | ... L46: =IF(L$2=0,"",IFERROR(TRIM(INDEX('Pegar calibracion'!$A$1:$BZ$1001,45,L$2)&""),"")) | M46: =IF(D46="","",SUBSTITUTE(SUBSTITUTE(SUBSTITUTE(SUBSTITUTE(SUBSTITUTE(SUBSTITUTE(SUBSTITUTE(SUBSTITUTE(SUBSTITUTE(SUBSTITUTE(SUBSTITUTE(SUBSTITUTE(LOWER(TRIM(D46)),"á","a"),"é","e"),"í","i"),"ó","o"),"ú","u"),"ü","u"),"ñ","n"),"à","a"),"è","e"),"ì","i"),"ò","o"),"ù","u")) | N46: =IF(F46="","",SUBSTITUTE(SUBSTITUTE(SUBSTITUTE(SUBSTITUTE(SUBSTITUTE(SUBSTITUTE(SUBSTITUTE(SUBSTITUTE(SUBSTITUTE(SUBSTITUTE(SUBSTITUTE(SUBSTITUTE(LOWER(TRIM(F46)),"á","a"),"é","e"),"í","i"),"ó","o"),"ú","u"),"ü","u"),"ñ","n"),"à","a"),"è","e"),"ì","i"),"ò","o"),"ù","u")) | O46: =IF(M46="confiable",2,IF(M46="dudosa",1,IF(M46="no confiable",0,""))) | P46: =IF(N46="confiable",2,IF(N46="dudosa",1,IF(N46="no confiable",0,""))) | Q46: =IF(AND(ISNUMBER(O46),ISNUMBER(P46)),1,"") | R46: =IF(Q46=1,IF(O46=P46,"Sí","No"),"") | S46: =IF(Q46=1,IF(P46<O46,"Más estricto",IF(P46>O46,"Más permisivo","Igual")),"") | T46: =IF(Q46=1,IF(ABS(O46-P46)=2,1,0),"") | U46: =IF(H46="","","|"&SUBSTITUTE(SUBSTITUTE(TRIM(H46)," |","|"),"| ","|")&"|") | V46: =IF(AND(Q46=1,B46<>""),IF(IFERROR(COUNTIFS(B$3:B46,"="&SUBSTITUTE(SUBSTITUTE(SUBSTITUTE(B46,"~","~~"),"*","~*"),"?","~?"),Q$3:Q46,1),0)=1,MAX(V$2:V45)+1,""),"") | W46: =IF(V46="","",COUNTIFS($B$3:$B$1002,"="&SUBSTITUTE(SUBSTITUTE(SUBSTITUTE(B46,"~","~~"),"*","~*"),"?","~?"),$Q$3:$Q$1002,1)*10000-V46) | X46: =IF(Q46=1,IF(SUBSTITUTE(SUBSTITUTE(SUBSTITUTE(SUBSTITUTE(SUBSTITUTE(SUBSTITUTE(SUBSTITUTE(SUBSTITUTE(SUBSTITUTE(SUBSTITUTE(SUBSTITUTE(SUBSTITUTE(LOWER(TRIM(A46)),"á","a"),"é","e"),"í","i"),"ó","o"),"ú","u"),"ü","u"),"ñ","n"),"à","a"),"è","e"),"ì","i"),"ò","o"),"ù","u")="","(sin apodo)",SUBSTITUTE(SUBSTITUTE(SUBSTITUTE(SUBSTITUTE(SUBSTITUTE(SUBSTITUTE(SUBSTITUTE(SUBSTITUTE(SUBSTITUTE(SUBSTITUTE(SUBSTITUTE(SUBSTITUTE(LOWER(TRIM(A46)),"á","a"),"é","e"),"í","i"),"ó","o"),"ú","u"),"ü","u"),"ñ","n"),"à","a"),"è","e"),"ì","i"),"ò","o"),"ù","u")),"") | Y46: =IF(X46="","",IF(IFERROR(COUNTIF(X$3:X46,"="&SUBSTITUTE(SUBSTITUTE(SUBSTITUTE(X46,"~","~~"),"*","~*"),"?","~?")),0)=1,1,"")) | Z46: =IF(T46=1,MAX(Z$2:Z45)+1,"")
A47: =IF(A$2=0,"",IFERROR(TRIM(INDEX('Pegar calibracion'!$A$1:$BZ$1001,46,A$2)&""),"")) | B47: =IF(B$2=0,"",IFERROR(TRIM(INDEX('Pegar calibracion'!$A$1:$BZ$1001,46,B$2)&""),"")) | C47: =IF(C$2=0,"",IFERROR(TRIM(INDEX('Pegar calibracion'!$A$1:$BZ$1001,46,C$2)&""),"")) | D47: =IF(D$2=0,"",IFERROR(TRIM(INDEX('Pegar calibracion'!$A$1:$BZ$1001,46,D$2)&""),"")) | E47: =IF(E$2=0,"",IFERROR(TRIM(INDEX('Pegar calibracion'!$A$1:$BZ$1001,46,E$2)&""),"")) | F47: =IF(F$2=0,"",IFERROR(TRIM(INDEX('Pegar calibracion'!$A$1:$BZ$1001,46,F$2)&""),"")) | G47: =IF(G$2=0,"",IFERROR(TRIM(INDEX('Pegar calibracion'!$A$1:$BZ$1001,46,G$2)&""),"")) | H47: =IF(H$2=0,"",IFERROR(TRIM(INDEX('Pegar calibracion'!$A$1:$BZ$1001,46,H$2)&""),"")) | ... L47: =IF(L$2=0,"",IFERROR(TRIM(INDEX('Pegar calibracion'!$A$1:$BZ$1001,46,L$2)&""),"")) | M47: =IF(D47="","",SUBSTITUTE(SUBSTITUTE(SUBSTITUTE(SUBSTITUTE(SUBSTITUTE(SUBSTITUTE(SUBSTITUTE(SUBSTITUTE(SUBSTITUTE(SUBSTITUTE(SUBSTITUTE(SUBSTITUTE(LOWER(TRIM(D47)),"á","a"),"é","e"),"í","i"),"ó","o"),"ú","u"),"ü","u"),"ñ","n"),"à","a"),"è","e"),"ì","i"),"ò","o"),"ù","u")) | N47: =IF(F47="","",SUBSTITUTE(SUBSTITUTE(SUBSTITUTE(SUBSTITUTE(SUBSTITUTE(SUBSTITUTE(SUBSTITUTE(SUBSTITUTE(SUBSTITUTE(SUBSTITUTE(SUBSTITUTE(SUBSTITUTE(LOWER(TRIM(F47)),"á","a"),"é","e"),"í","i"),"ó","o"),"ú","u"),"ü","u"),"ñ","n"),"à","a"),"è","e"),"ì","i"),"ò","o"),"ù","u")) | O47: =IF(M47="confiable",2,IF(M47="dudosa",1,IF(M47="no confiable",0,""))) | P47: =IF(N47="confiable",2,IF(N47="dudosa",1,IF(N47="no confiable",0,""))) | Q47: =IF(AND(ISNUMBER(O47),ISNUMBER(P47)),1,"") | R47: =IF(Q47=1,IF(O47=P47,"Sí","No"),"") | S47: =IF(Q47=1,IF(P47<O47,"Más estricto",IF(P47>O47,"Más permisivo","Igual")),"") | T47: =IF(Q47=1,IF(ABS(O47-P47)=2,1,0),"") | U47: =IF(H47="","","|"&SUBSTITUTE(SUBSTITUTE(TRIM(H47)," |","|"),"| ","|")&"|") | V47: =IF(AND(Q47=1,B47<>""),IF(IFERROR(COUNTIFS(B$3:B47,"="&SUBSTITUTE(SUBSTITUTE(SUBSTITUTE(B47,"~","~~"),"*","~*"),"?","~?"),Q$3:Q47,1),0)=1,MAX(V$2:V46)+1,""),"") | W47: =IF(V47="","",COUNTIFS($B$3:$B$1002,"="&SUBSTITUTE(SUBSTITUTE(SUBSTITUTE(B47,"~","~~"),"*","~*"),"?","~?"),$Q$3:$Q$1002,1)*10000-V47) | X47: =IF(Q47=1,IF(SUBSTITUTE(SUBSTITUTE(SUBSTITUTE(SUBSTITUTE(SUBSTITUTE(SUBSTITUTE(SUBSTITUTE(SUBSTITUTE(SUBSTITUTE(SUBSTITUTE(SUBSTITUTE(SUBSTITUTE(LOWER(TRIM(A47)),"á","a"),"é","e"),"í","i"),"ó","o"),"ú","u"),"ü","u"),"ñ","n"),"à","a"),"è","e"),"ì","i"),"ò","o"),"ù","u")="","(sin apodo)",SUBSTITUTE(SUBSTITUTE(SUBSTITUTE(SUBSTITUTE(SUBSTITUTE(SUBSTITUTE(SUBSTITUTE(SUBSTITUTE(SUBSTITUTE(SUBSTITUTE(SUBSTITUTE(SUBSTITUTE(LOWER(TRIM(A47)),"á","a"),"é","e"),"í","i"),"ó","o"),"ú","u"),"ü","u"),"ñ","n"),"à","a"),"è","e"),"ì","i"),"ò","o"),"ù","u")),"") | Y47: =IF(X47="","",IF(IFERROR(COUNTIF(X$3:X47,"="&SUBSTITUTE(SUBSTITUTE(SUBSTITUTE(X47,"~","~~"),"*","~*"),"?","~?")),0)=1,1,"")) | Z47: =IF(T47=1,MAX(Z$2:Z46)+1,"")
A48: =IF(A$2=0,"",IFERROR(TRIM(INDEX('Pegar calibracion'!$A$1:$BZ$1001,47,A$2)&""),"")) | B48: =IF(B$2=0,"",IFERROR(TRIM(INDEX('Pegar calibracion'!$A$1:$BZ$1001,47,B$2)&""),"")) | C48: =IF(C$2=0,"",IFERROR(TRIM(INDEX('Pegar calibracion'!$A$1:$BZ$1001,47,C$2)&""),"")) | D48: =IF(D$2=0,"",IFERROR(TRIM(INDEX('Pegar calibracion'!$A$1:$BZ$1001,47,D$2)&""),"")) | E48: =IF(E$2=0,"",IFERROR(TRIM(INDEX('Pegar calibracion'!$A$1:$BZ$1001,47,E$2)&""),"")) | F48: =IF(F$2=0,"",IFERROR(TRIM(INDEX('Pegar calibracion'!$A$1:$BZ$1001,47,F$2)&""),"")) | G48: =IF(G$2=0,"",IFERROR(TRIM(INDEX('Pegar calibracion'!$A$1:$BZ$1001,47,G$2)&""),"")) | H48: =IF(H$2=0,"",IFERROR(TRIM(INDEX('Pegar calibracion'!$A$1:$BZ$1001,47,H$2)&""),"")) | ... L48: =IF(L$2=0,"",IFERROR(TRIM(INDEX('Pegar calibracion'!$A$1:$BZ$1001,47,L$2)&""),"")) | M48: =IF(D48="","",SUBSTITUTE(SUBSTITUTE(SUBSTITUTE(SUBSTITUTE(SUBSTITUTE(SUBSTITUTE(SUBSTITUTE(SUBSTITUTE(SUBSTITUTE(SUBSTITUTE(SUBSTITUTE(SUBSTITUTE(LOWER(TRIM(D48)),"á","a"),"é","e"),"í","i"),"ó","o"),"ú","u"),"ü","u"),"ñ","n"),"à","a"),"è","e"),"ì","i"),"ò","o"),"ù","u")) | N48: =IF(F48="","",SUBSTITUTE(SUBSTITUTE(SUBSTITUTE(SUBSTITUTE(SUBSTITUTE(SUBSTITUTE(SUBSTITUTE(SUBSTITUTE(SUBSTITUTE(SUBSTITUTE(SUBSTITUTE(SUBSTITUTE(LOWER(TRIM(F48)),"á","a"),"é","e"),"í","i"),"ó","o"),"ú","u"),"ü","u"),"ñ","n"),"à","a"),"è","e"),"ì","i"),"ò","o"),"ù","u")) | O48: =IF(M48="confiable",2,IF(M48="dudosa",1,IF(M48="no confiable",0,""))) | P48: =IF(N48="confiable",2,IF(N48="dudosa",1,IF(N48="no confiable",0,""))) | Q48: =IF(AND(ISNUMBER(O48),ISNUMBER(P48)),1,"") | R48: =IF(Q48=1,IF(O48=P48,"Sí","No"),"") | S48: =IF(Q48=1,IF(P48<O48,"Más estricto",IF(P48>O48,"Más permisivo","Igual")),"") | T48: =IF(Q48=1,IF(ABS(O48-P48)=2,1,0),"") | U48: =IF(H48="","","|"&SUBSTITUTE(SUBSTITUTE(TRIM(H48)," |","|"),"| ","|")&"|") | V48: =IF(AND(Q48=1,B48<>""),IF(IFERROR(COUNTIFS(B$3:B48,"="&SUBSTITUTE(SUBSTITUTE(SUBSTITUTE(B48,"~","~~"),"*","~*"),"?","~?"),Q$3:Q48,1),0)=1,MAX(V$2:V47)+1,""),"") | W48: =IF(V48="","",COUNTIFS($B$3:$B$1002,"="&SUBSTITUTE(SUBSTITUTE(SUBSTITUTE(B48,"~","~~"),"*","~*"),"?","~?"),$Q$3:$Q$1002,1)*10000-V48) | X48: =IF(Q48=1,IF(SUBSTITUTE(SUBSTITUTE(SUBSTITUTE(SUBSTITUTE(SUBSTITUTE(SUBSTITUTE(SUBSTITUTE(SUBSTITUTE(SUBSTITUTE(SUBSTITUTE(SUBSTITUTE(SUBSTITUTE(LOWER(TRIM(A48)),"á","a"),"é","e"),"í","i"),"ó","o"),"ú","u"),"ü","u"),"ñ","n"),"à","a"),"è","e"),"ì","i"),"ò","o"),"ù","u")="","(sin apodo)",SUBSTITUTE(SUBSTITUTE(SUBSTITUTE(SUBSTITUTE(SUBSTITUTE(SUBSTITUTE(SUBSTITUTE(SUBSTITUTE(SUBSTITUTE(SUBSTITUTE(SUBSTITUTE(SUBSTITUTE(LOWER(TRIM(A48)),"á","a"),"é","e"),"í","i"),"ó","o"),"ú","u"),"ü","u"),"ñ","n"),"à","a"),"è","e"),"ì","i"),"ò","o"),"ù","u")),"") | Y48: =IF(X48="","",IF(IFERROR(COUNTIF(X$3:X48,"="&SUBSTITUTE(SUBSTITUTE(SUBSTITUTE(X48,"~","~~"),"*","~*"),"?","~?")),0)=1,1,"")) | Z48: =IF(T48=1,MAX(Z$2:Z47)+1,"")
A49: =IF(A$2=0,"",IFERROR(TRIM(INDEX('Pegar calibracion'!$A$1:$BZ$1001,48,A$2)&""),"")) | B49: =IF(B$2=0,"",IFERROR(TRIM(INDEX('Pegar calibracion'!$A$1:$BZ$1001,48,B$2)&""),"")) | C49: =IF(C$2=0,"",IFERROR(TRIM(INDEX('Pegar calibracion'!$A$1:$BZ$1001,48,C$2)&""),"")) | D49: =IF(D$2=0,"",IFERROR(TRIM(INDEX('Pegar calibracion'!$A$1:$BZ$1001,48,D$2)&""),"")) | E49: =IF(E$2=0,"",IFERROR(TRIM(INDEX('Pegar calibracion'!$A$1:$BZ$1001,48,E$2)&""),"")) | F49: =IF(F$2=0,"",IFERROR(TRIM(INDEX('Pegar calibracion'!$A$1:$BZ$1001,48,F$2)&""),"")) | G49: =IF(G$2=0,"",IFERROR(TRIM(INDEX('Pegar calibracion'!$A$1:$BZ$1001,48,G$2)&""),"")) | H49: =IF(H$2=0,"",IFERROR(TRIM(INDEX('Pegar calibracion'!$A$1:$BZ$1001,48,H$2)&""),"")) | ... L49: =IF(L$2=0,"",IFERROR(TRIM(INDEX('Pegar calibracion'!$A$1:$BZ$1001,48,L$2)&""),"")) | M49: =IF(D49="","",SUBSTITUTE(SUBSTITUTE(SUBSTITUTE(SUBSTITUTE(SUBSTITUTE(SUBSTITUTE(SUBSTITUTE(SUBSTITUTE(SUBSTITUTE(SUBSTITUTE(SUBSTITUTE(SUBSTITUTE(LOWER(TRIM(D49)),"á","a"),"é","e"),"í","i"),"ó","o"),"ú","u"),"ü","u"),"ñ","n"),"à","a"),"è","e"),"ì","i"),"ò","o"),"ù","u")) | N49: =IF(F49="","",SUBSTITUTE(SUBSTITUTE(SUBSTITUTE(SUBSTITUTE(SUBSTITUTE(SUBSTITUTE(SUBSTITUTE(SUBSTITUTE(SUBSTITUTE(SUBSTITUTE(SUBSTITUTE(SUBSTITUTE(LOWER(TRIM(F49)),"á","a"),"é","e"),"í","i"),"ó","o"),"ú","u"),"ü","u"),"ñ","n"),"à","a"),"è","e"),"ì","i"),"ò","o"),"ù","u")) | O49: =IF(M49="confiable",2,IF(M49="dudosa",1,IF(M49="no confiable",0,""))) | P49: =IF(N49="confiable",2,IF(N49="dudosa",1,IF(N49="no confiable",0,""))) | Q49: =IF(AND(ISNUMBER(O49),ISNUMBER(P49)),1,"") | R49: =IF(Q49=1,IF(O49=P49,"Sí","No"),"") | S49: =IF(Q49=1,IF(P49<O49,"Más estricto",IF(P49>O49,"Más permisivo","Igual")),"") | T49: =IF(Q49=1,IF(ABS(O49-P49)=2,1,0),"") | U49: =IF(H49="","","|"&SUBSTITUTE(SUBSTITUTE(TRIM(H49)," |","|"),"| ","|")&"|") | V49: =IF(AND(Q49=1,B49<>""),IF(IFERROR(COUNTIFS(B$3:B49,"="&SUBSTITUTE(SUBSTITUTE(SUBSTITUTE(B49,"~","~~"),"*","~*"),"?","~?"),Q$3:Q49,1),0)=1,MAX(V$2:V48)+1,""),"") | W49: =IF(V49="","",COUNTIFS($B$3:$B$1002,"="&SUBSTITUTE(SUBSTITUTE(SUBSTITUTE(B49,"~","~~"),"*","~*"),"?","~?"),$Q$3:$Q$1002,1)*10000-V49) | X49: =IF(Q49=1,IF(SUBSTITUTE(SUBSTITUTE(SUBSTITUTE(SUBSTITUTE(SUBSTITUTE(SUBSTITUTE(SUBSTITUTE(SUBSTITUTE(SUBSTITUTE(SUBSTITUTE(SUBSTITUTE(SUBSTITUTE(LOWER(TRIM(A49)),"á","a"),"é","e"),"í","i"),"ó","o"),"ú","u"),"ü","u"),"ñ","n"),"à","a"),"è","e"),"ì","i"),"ò","o"),"ù","u")="","(sin apodo)",SUBSTITUTE(SUBSTITUTE(SUBSTITUTE(SUBSTITUTE(SUBSTITUTE(SUBSTITUTE(SUBSTITUTE(SUBSTITUTE(SUBSTITUTE(SUBSTITUTE(SUBSTITUTE(SUBSTITUTE(LOWER(TRIM(A49)),"á","a"),"é","e"),"í","i"),"ó","o"),"ú","u"),"ü","u"),"ñ","n"),"à","a"),"è","e"),"ì","i"),"ò","o"),"ù","u")),"") | Y49: =IF(X49="","",IF(IFERROR(COUNTIF(X$3:X49,"="&SUBSTITUTE(SUBSTITUTE(SUBSTITUTE(X49,"~","~~"),"*","~*"),"?","~?")),0)=1,1,"")) | Z49: =IF(T49=1,MAX(Z$2:Z48)+1,"")
A50: =IF(A$2=0,"",IFERROR(TRIM(INDEX('Pegar calibracion'!$A$1:$BZ$1001,49,A$2)&""),"")) | B50: =IF(B$2=0,"",IFERROR(TRIM(INDEX('Pegar calibracion'!$A$1:$BZ$1001,49,B$2)&""),"")) | C50: =IF(C$2=0,"",IFERROR(TRIM(INDEX('Pegar calibracion'!$A$1:$BZ$1001,49,C$2)&""),"")) | D50: =IF(D$2=0,"",IFERROR(TRIM(INDEX('Pegar calibracion'!$A$1:$BZ$1001,49,D$2)&""),"")) | E50: =IF(E$2=0,"",IFERROR(TRIM(INDEX('Pegar calibracion'!$A$1:$BZ$1001,49,E$2)&""),"")) | F50: =IF(F$2=0,"",IFERROR(TRIM(INDEX('Pegar calibracion'!$A$1:$BZ$1001,49,F$2)&""),"")) | G50: =IF(G$2=0,"",IFERROR(TRIM(INDEX('Pegar calibracion'!$A$1:$BZ$1001,49,G$2)&""),"")) | H50: =IF(H$2=0,"",IFERROR(TRIM(INDEX('Pegar calibracion'!$A$1:$BZ$1001,49,H$2)&""),"")) | ... L50: =IF(L$2=0,"",IFERROR(TRIM(INDEX('Pegar calibracion'!$A$1:$BZ$1001,49,L$2)&""),"")) | M50: =IF(D50="","",SUBSTITUTE(SUBSTITUTE(SUBSTITUTE(SUBSTITUTE(SUBSTITUTE(SUBSTITUTE(SUBSTITUTE(SUBSTITUTE(SUBSTITUTE(SUBSTITUTE(SUBSTITUTE(SUBSTITUTE(LOWER(TRIM(D50)),"á","a"),"é","e"),"í","i"),"ó","o"),"ú","u"),"ü","u"),"ñ","n"),"à","a"),"è","e"),"ì","i"),"ò","o"),"ù","u")) | N50: =IF(F50="","",SUBSTITUTE(SUBSTITUTE(SUBSTITUTE(SUBSTITUTE(SUBSTITUTE(SUBSTITUTE(SUBSTITUTE(SUBSTITUTE(SUBSTITUTE(SUBSTITUTE(SUBSTITUTE(SUBSTITUTE(LOWER(TRIM(F50)),"á","a"),"é","e"),"í","i"),"ó","o"),"ú","u"),"ü","u"),"ñ","n"),"à","a"),"è","e"),"ì","i"),"ò","o"),"ù","u")) | O50: =IF(M50="confiable",2,IF(M50="dudosa",1,IF(M50="no confiable",0,""))) | P50: =IF(N50="confiable",2,IF(N50="dudosa",1,IF(N50="no confiable",0,""))) | Q50: =IF(AND(ISNUMBER(O50),ISNUMBER(P50)),1,"") | R50: =IF(Q50=1,IF(O50=P50,"Sí","No"),"") | S50: =IF(Q50=1,IF(P50<O50,"Más estricto",IF(P50>O50,"Más permisivo","Igual")),"") | T50: =IF(Q50=1,IF(ABS(O50-P50)=2,1,0),"") | U50: =IF(H50="","","|"&SUBSTITUTE(SUBSTITUTE(TRIM(H50)," |","|"),"| ","|")&"|") | V50: =IF(AND(Q50=1,B50<>""),IF(IFERROR(COUNTIFS(B$3:B50,"="&SUBSTITUTE(SUBSTITUTE(SUBSTITUTE(B50,"~","~~"),"*","~*"),"?","~?"),Q$3:Q50,1),0)=1,MAX(V$2:V49)+1,""),"") | W50: =IF(V50="","",COUNTIFS($B$3:$B$1002,"="&SUBSTITUTE(SUBSTITUTE(SUBSTITUTE(B50,"~","~~"),"*","~*"),"?","~?"),$Q$3:$Q$1002,1)*10000-V50) | X50: =IF(Q50=1,IF(SUBSTITUTE(SUBSTITUTE(SUBSTITUTE(SUBSTITUTE(SUBSTITUTE(SUBSTITUTE(SUBSTITUTE(SUBSTITUTE(SUBSTITUTE(SUBSTITUTE(SUBSTITUTE(SUBSTITUTE(LOWER(TRIM(A50)),"á","a"),"é","e"),"í","i"),"ó","o"),"ú","u"),"ü","u"),"ñ","n"),"à","a"),"è","e"),"ì","i"),"ò","o"),"ù","u")="","(sin apodo)",SUBSTITUTE(SUBSTITUTE(SUBSTITUTE(SUBSTITUTE(SUBSTITUTE(SUBSTITUTE(SUBSTITUTE(SUBSTITUTE(SUBSTITUTE(SUBSTITUTE(SUBSTITUTE(SUBSTITUTE(LOWER(TRIM(A50)),"á","a"),"é","e"),"í","i"),"ó","o"),"ú","u"),"ü","u"),"ñ","n"),"à","a"),"è","e"),"ì","i"),"ò","o"),"ù","u")),"") | Y50: =IF(X50="","",IF(IFERROR(COUNTIF(X$3:X50,"="&SUBSTITUTE(SUBSTITUTE(SUBSTITUTE(X50,"~","~~"),"*","~*"),"?","~?")),0)=1,1,"")) | Z50: =IF(T50=1,MAX(Z$2:Z49)+1,"")
A51: =IF(A$2=0,"",IFERROR(TRIM(INDEX('Pegar calibracion'!$A$1:$BZ$1001,50,A$2)&""),"")) | B51: =IF(B$2=0,"",IFERROR(TRIM(INDEX('Pegar calibracion'!$A$1:$BZ$1001,50,B$2)&""),"")) | C51: =IF(C$2=0,"",IFERROR(TRIM(INDEX('Pegar calibracion'!$A$1:$BZ$1001,50,C$2)&""),"")) | D51: =IF(D$2=0,"",IFERROR(TRIM(INDEX('Pegar calibracion'!$A$1:$BZ$1001,50,D$2)&""),"")) | E51: =IF(E$2=0,"",IFERROR(TRIM(INDEX('Pegar calibracion'!$A$1:$BZ$1001,50,E$2)&""),"")) | F51: =IF(F$2=0,"",IFERROR(TRIM(INDEX('Pegar calibracion'!$A$1:$BZ$1001,50,F$2)&""),"")) | G51: =IF(G$2=0,"",IFERROR(TRIM(INDEX('Pegar calibracion'!$A$1:$BZ$1001,50,G$2)&""),"")) | H51: =IF(H$2=0,"",IFERROR(TRIM(INDEX('Pegar calibracion'!$A$1:$BZ$1001,50,H$2)&""),"")) | ... L51: =IF(L$2=0,"",IFERROR(TRIM(INDEX('Pegar calibracion'!$A$1:$BZ$1001,50,L$2)&""),"")) | M51: =IF(D51="","",SUBSTITUTE(SUBSTITUTE(SUBSTITUTE(SUBSTITUTE(SUBSTITUTE(SUBSTITUTE(SUBSTITUTE(SUBSTITUTE(SUBSTITUTE(SUBSTITUTE(SUBSTITUTE(SUBSTITUTE(LOWER(TRIM(D51)),"á","a"),"é","e"),"í","i"),"ó","o"),"ú","u"),"ü","u"),"ñ","n"),"à","a"),"è","e"),"ì","i"),"ò","o"),"ù","u")) | N51: =IF(F51="","",SUBSTITUTE(SUBSTITUTE(SUBSTITUTE(SUBSTITUTE(SUBSTITUTE(SUBSTITUTE(SUBSTITUTE(SUBSTITUTE(SUBSTITUTE(SUBSTITUTE(SUBSTITUTE(SUBSTITUTE(LOWER(TRIM(F51)),"á","a"),"é","e"),"í","i"),"ó","o"),"ú","u"),"ü","u"),"ñ","n"),"à","a"),"è","e"),"ì","i"),"ò","o"),"ù","u")) | O51: =IF(M51="confiable",2,IF(M51="dudosa",1,IF(M51="no confiable",0,""))) | P51: =IF(N51="confiable",2,IF(N51="dudosa",1,IF(N51="no confiable",0,""))) | Q51: =IF(AND(ISNUMBER(O51),ISNUMBER(P51)),1,"") | R51: =IF(Q51=1,IF(O51=P51,"Sí","No"),"") | S51: =IF(Q51=1,IF(P51<O51,"Más estricto",IF(P51>O51,"Más permisivo","Igual")),"") | T51: =IF(Q51=1,IF(ABS(O51-P51)=2,1,0),"") | U51: =IF(H51="","","|"&SUBSTITUTE(SUBSTITUTE(TRIM(H51)," |","|"),"| ","|")&"|") | V51: =IF(AND(Q51=1,B51<>""),IF(IFERROR(COUNTIFS(B$3:B51,"="&SUBSTITUTE(SUBSTITUTE(SUBSTITUTE(B51,"~","~~"),"*","~*"),"?","~?"),Q$3:Q51,1),0)=1,MAX(V$2:V50)+1,""),"") | W51: =IF(V51="","",COUNTIFS($B$3:$B$1002,"="&SUBSTITUTE(SUBSTITUTE(SUBSTITUTE(B51,"~","~~"),"*","~*"),"?","~?"),$Q$3:$Q$1002,1)*10000-V51) | X51: =IF(Q51=1,IF(SUBSTITUTE(SUBSTITUTE(SUBSTITUTE(SUBSTITUTE(SUBSTITUTE(SUBSTITUTE(SUBSTITUTE(SUBSTITUTE(SUBSTITUTE(SUBSTITUTE(SUBSTITUTE(SUBSTITUTE(LOWER(TRIM(A51)),"á","a"),"é","e"),"í","i"),"ó","o"),"ú","u"),"ü","u"),"ñ","n"),"à","a"),"è","e"),"ì","i"),"ò","o"),"ù","u")="","(sin apodo)",SUBSTITUTE(SUBSTITUTE(SUBSTITUTE(SUBSTITUTE(SUBSTITUTE(SUBSTITUTE(SUBSTITUTE(SUBSTITUTE(SUBSTITUTE(SUBSTITUTE(SUBSTITUTE(SUBSTITUTE(LOWER(TRIM(A51)),"á","a"),"é","e"),"í","i"),"ó","o"),"ú","u"),"ü","u"),"ñ","n"),"à","a"),"è","e"),"ì","i"),"ò","o"),"ù","u")),"") | Y51: =IF(X51="","",IF(IFERROR(COUNTIF(X$3:X51,"="&SUBSTITUTE(SUBSTITUTE(SUBSTITUTE(X51,"~","~~"),"*","~*"),"?","~?")),0)=1,1,"")) | Z51: =IF(T51=1,MAX(Z$2:Z50)+1,"")
A52: =IF(A$2=0,"",IFERROR(TRIM(INDEX('Pegar calibracion'!$A$1:$BZ$1001,51,A$2)&""),"")) | B52: =IF(B$2=0,"",IFERROR(TRIM(INDEX('Pegar calibracion'!$A$1:$BZ$1001,51,B$2)&""),"")) | C52: =IF(C$2=0,"",IFERROR(TRIM(INDEX('Pegar calibracion'!$A$1:$BZ$1001,51,C$2)&""),"")) | D52: =IF(D$2=0,"",IFERROR(TRIM(INDEX('Pegar calibracion'!$A$1:$BZ$1001,51,D$2)&""),"")) | E52: =IF(E$2=0,"",IFERROR(TRIM(INDEX('Pegar calibracion'!$A$1:$BZ$1001,51,E$2)&""),"")) | F52: =IF(F$2=0,"",IFERROR(TRIM(INDEX('Pegar calibracion'!$A$1:$BZ$1001,51,F$2)&""),"")) | G52: =IF(G$2=0,"",IFERROR(TRIM(INDEX('Pegar calibracion'!$A$1:$BZ$1001,51,G$2)&""),"")) | H52: =IF(H$2=0,"",IFERROR(TRIM(INDEX('Pegar calibracion'!$A$1:$BZ$1001,51,H$2)&""),"")) | ... L52: =IF(L$2=0,"",IFERROR(TRIM(INDEX('Pegar calibracion'!$A$1:$BZ$1001,51,L$2)&""),"")) | M52: =IF(D52="","",SUBSTITUTE(SUBSTITUTE(SUBSTITUTE(SUBSTITUTE(SUBSTITUTE(SUBSTITUTE(SUBSTITUTE(SUBSTITUTE(SUBSTITUTE(SUBSTITUTE(SUBSTITUTE(SUBSTITUTE(LOWER(TRIM(D52)),"á","a"),"é","e"),"í","i"),"ó","o"),"ú","u"),"ü","u"),"ñ","n"),"à","a"),"è","e"),"ì","i"),"ò","o"),"ù","u")) | N52: =IF(F52="","",SUBSTITUTE(SUBSTITUTE(SUBSTITUTE(SUBSTITUTE(SUBSTITUTE(SUBSTITUTE(SUBSTITUTE(SUBSTITUTE(SUBSTITUTE(SUBSTITUTE(SUBSTITUTE(SUBSTITUTE(LOWER(TRIM(F52)),"á","a"),"é","e"),"í","i"),"ó","o"),"ú","u"),"ü","u"),"ñ","n"),"à","a"),"è","e"),"ì","i"),"ò","o"),"ù","u")) | O52: =IF(M52="confiable",2,IF(M52="dudosa",1,IF(M52="no confiable",0,""))) | P52: =IF(N52="confiable",2,IF(N52="dudosa",1,IF(N52="no confiable",0,""))) | Q52: =IF(AND(ISNUMBER(O52),ISNUMBER(P52)),1,"") | R52: =IF(Q52=1,IF(O52=P52,"Sí","No"),"") | S52: =IF(Q52=1,IF(P52<O52,"Más estricto",IF(P52>O52,"Más permisivo","Igual")),"") | T52: =IF(Q52=1,IF(ABS(O52-P52)=2,1,0),"") | U52: =IF(H52="","","|"&SUBSTITUTE(SUBSTITUTE(TRIM(H52)," |","|"),"| ","|")&"|") | V52: =IF(AND(Q52=1,B52<>""),IF(IFERROR(COUNTIFS(B$3:B52,"="&SUBSTITUTE(SUBSTITUTE(SUBSTITUTE(B52,"~","~~"),"*","~*"),"?","~?"),Q$3:Q52,1),0)=1,MAX(V$2:V51)+1,""),"") | W52: =IF(V52="","",COUNTIFS($B$3:$B$1002,"="&SUBSTITUTE(SUBSTITUTE(SUBSTITUTE(B52,"~","~~"),"*","~*"),"?","~?"),$Q$3:$Q$1002,1)*10000-V52) | X52: =IF(Q52=1,IF(SUBSTITUTE(SUBSTITUTE(SUBSTITUTE(SUBSTITUTE(SUBSTITUTE(SUBSTITUTE(SUBSTITUTE(SUBSTITUTE(SUBSTITUTE(SUBSTITUTE(SUBSTITUTE(SUBSTITUTE(LOWER(TRIM(A52)),"á","a"),"é","e"),"í","i"),"ó","o"),"ú","u"),"ü","u"),"ñ","n"),"à","a"),"è","e"),"ì","i"),"ò","o"),"ù","u")="","(sin apodo)",SUBSTITUTE(SUBSTITUTE(SUBSTITUTE(SUBSTITUTE(SUBSTITUTE(SUBSTITUTE(SUBSTITUTE(SUBSTITUTE(SUBSTITUTE(SUBSTITUTE(SUBSTITUTE(SUBSTITUTE(LOWER(TRIM(A52)),"á","a"),"é","e"),"í","i"),"ó","o"),"ú","u"),"ü","u"),"ñ","n"),"à","a"),"è","e"),"ì","i"),"ò","o"),"ù","u")),"") | Y52: =IF(X52="","",IF(IFERROR(COUNTIF(X$3:X52,"="&SUBSTITUTE(SUBSTITUTE(SUBSTITUTE(X52,"~","~~"),"*","~*"),"?","~?")),0)=1,1,"")) | Z52: =IF(T52=1,MAX(Z$2:Z51)+1,"")
A53: =IF(A$2=0,"",IFERROR(TRIM(INDEX('Pegar calibracion'!$A$1:$BZ$1001,52,A$2)&""),"")) | B53: =IF(B$2=0,"",IFERROR(TRIM(INDEX('Pegar calibracion'!$A$1:$BZ$1001,52,B$2)&""),"")) | C53: =IF(C$2=0,"",IFERROR(TRIM(INDEX('Pegar calibracion'!$A$1:$BZ$1001,52,C$2)&""),"")) | D53: =IF(D$2=0,"",IFERROR(TRIM(INDEX('Pegar calibracion'!$A$1:$BZ$1001,52,D$2)&""),"")) | E53: =IF(E$2=0,"",IFERROR(TRIM(INDEX('Pegar calibracion'!$A$1:$BZ$1001,52,E$2)&""),"")) | F53: =IF(F$2=0,"",IFERROR(TRIM(INDEX('Pegar calibracion'!$A$1:$BZ$1001,52,F$2)&""),"")) | G53: =IF(G$2=0,"",IFERROR(TRIM(INDEX('Pegar calibracion'!$A$1:$BZ$1001,52,G$2)&""),"")) | H53: =IF(H$2=0,"",IFERROR(TRIM(INDEX('Pegar calibracion'!$A$1:$BZ$1001,52,H$2)&""),"")) | ... L53: =IF(L$2=0,"",IFERROR(TRIM(INDEX('Pegar calibracion'!$A$1:$BZ$1001,52,L$2)&""),"")) | M53: =IF(D53="","",SUBSTITUTE(SUBSTITUTE(SUBSTITUTE(SUBSTITUTE(SUBSTITUTE(SUBSTITUTE(SUBSTITUTE(SUBSTITUTE(SUBSTITUTE(SUBSTITUTE(SUBSTITUTE(SUBSTITUTE(LOWER(TRIM(D53)),"á","a"),"é","e"),"í","i"),"ó","o"),"ú","u"),"ü","u"),"ñ","n"),"à","a"),"è","e"),"ì","i"),"ò","o"),"ù","u")) | N53: =IF(F53="","",SUBSTITUTE(SUBSTITUTE(SUBSTITUTE(SUBSTITUTE(SUBSTITUTE(SUBSTITUTE(SUBSTITUTE(SUBSTITUTE(SUBSTITUTE(SUBSTITUTE(SUBSTITUTE(SUBSTITUTE(LOWER(TRIM(F53)),"á","a"),"é","e"),"í","i"),"ó","o"),"ú","u"),"ü","u"),"ñ","n"),"à","a"),"è","e"),"ì","i"),"ò","o"),"ù","u")) | O53: =IF(M53="confiable",2,IF(M53="dudosa",1,IF(M53="no confiable",0,""))) | P53: =IF(N53="confiable",2,IF(N53="dudosa",1,IF(N53="no confiable",0,""))) | Q53: =IF(AND(ISNUMBER(O53),ISNUMBER(P53)),1,"") | R53: =IF(Q53=1,IF(O53=P53,"Sí","No"),"") | S53: =IF(Q53=1,IF(P53<O53,"Más estricto",IF(P53>O53,"Más permisivo","Igual")),"") | T53: =IF(Q53=1,IF(ABS(O53-P53)=2,1,0),"") | U53: =IF(H53="","","|"&SUBSTITUTE(SUBSTITUTE(TRIM(H53)," |","|"),"| ","|")&"|") | V53: =IF(AND(Q53=1,B53<>""),IF(IFERROR(COUNTIFS(B$3:B53,"="&SUBSTITUTE(SUBSTITUTE(SUBSTITUTE(B53,"~","~~"),"*","~*"),"?","~?"),Q$3:Q53,1),0)=1,MAX(V$2:V52)+1,""),"") | W53: =IF(V53="","",COUNTIFS($B$3:$B$1002,"="&SUBSTITUTE(SUBSTITUTE(SUBSTITUTE(B53,"~","~~"),"*","~*"),"?","~?"),$Q$3:$Q$1002,1)*10000-V53) | X53: =IF(Q53=1,IF(SUBSTITUTE(SUBSTITUTE(SUBSTITUTE(SUBSTITUTE(SUBSTITUTE(SUBSTITUTE(SUBSTITUTE(SUBSTITUTE(SUBSTITUTE(SUBSTITUTE(SUBSTITUTE(SUBSTITUTE(LOWER(TRIM(A53)),"á","a"),"é","e"),"í","i"),"ó","o"),"ú","u"),"ü","u"),"ñ","n"),"à","a"),"è","e"),"ì","i"),"ò","o"),"ù","u")="","(sin apodo)",SUBSTITUTE(SUBSTITUTE(SUBSTITUTE(SUBSTITUTE(SUBSTITUTE(SUBSTITUTE(SUBSTITUTE(SUBSTITUTE(SUBSTITUTE(SUBSTITUTE(SUBSTITUTE(SUBSTITUTE(LOWER(TRIM(A53)),"á","a"),"é","e"),"í","i"),"ó","o"),"ú","u"),"ü","u"),"ñ","n"),"à","a"),"è","e"),"ì","i"),"ò","o"),"ù","u")),"") | Y53: =IF(X53="","",IF(IFERROR(COUNTIF(X$3:X53,"="&SUBSTITUTE(SUBSTITUTE(SUBSTITUTE(X53,"~","~~"),"*","~*"),"?","~?")),0)=1,1,"")) | Z53: =IF(T53=1,MAX(Z$2:Z52)+1,"")
A54: =IF(A$2=0,"",IFERROR(TRIM(INDEX('Pegar calibracion'!$A$1:$BZ$1001,53,A$2)&""),"")) | B54: =IF(B$2=0,"",IFERROR(TRIM(INDEX('Pegar calibracion'!$A$1:$BZ$1001,53,B$2)&""),"")) | C54: =IF(C$2=0,"",IFERROR(TRIM(INDEX('Pegar calibracion'!$A$1:$BZ$1001,53,C$2)&""),"")) | D54: =IF(D$2=0,"",IFERROR(TRIM(INDEX('Pegar calibracion'!$A$1:$BZ$1001,53,D$2)&""),"")) | E54: =IF(E$2=0,"",IFERROR(TRIM(INDEX('Pegar calibracion'!$A$1:$BZ$1001,53,E$2)&""),"")) | F54: =IF(F$2=0,"",IFERROR(TRIM(INDEX('Pegar calibracion'!$A$1:$BZ$1001,53,F$2)&""),"")) | G54: =IF(G$2=0,"",IFERROR(TRIM(INDEX('Pegar calibracion'!$A$1:$BZ$1001,53,G$2)&""),"")) | H54: =IF(H$2=0,"",IFERROR(TRIM(INDEX('Pegar calibracion'!$A$1:$BZ$1001,53,H$2)&""),"")) | ... L54: =IF(L$2=0,"",IFERROR(TRIM(INDEX('Pegar calibracion'!$A$1:$BZ$1001,53,L$2)&""),"")) | M54: =IF(D54="","",SUBSTITUTE(SUBSTITUTE(SUBSTITUTE(SUBSTITUTE(SUBSTITUTE(SUBSTITUTE(SUBSTITUTE(SUBSTITUTE(SUBSTITUTE(SUBSTITUTE(SUBSTITUTE(SUBSTITUTE(LOWER(TRIM(D54)),"á","a"),"é","e"),"í","i"),"ó","o"),"ú","u"),"ü","u"),"ñ","n"),"à","a"),"è","e"),"ì","i"),"ò","o"),"ù","u")) | N54: =IF(F54="","",SUBSTITUTE(SUBSTITUTE(SUBSTITUTE(SUBSTITUTE(SUBSTITUTE(SUBSTITUTE(SUBSTITUTE(SUBSTITUTE(SUBSTITUTE(SUBSTITUTE(SUBSTITUTE(SUBSTITUTE(LOWER(TRIM(F54)),"á","a"),"é","e"),"í","i"),"ó","o"),"ú","u"),"ü","u"),"ñ","n"),"à","a"),"è","e"),"ì","i"),"ò","o"),"ù","u")) | O54: =IF(M54="confiable",2,IF(M54="dudosa",1,IF(M54="no confiable",0,""))) | P54: =IF(N54="confiable",2,IF(N54="dudosa",1,IF(N54="no confiable",0,""))) | Q54: =IF(AND(ISNUMBER(O54),ISNUMBER(P54)),1,"") | R54: =IF(Q54=1,IF(O54=P54,"Sí","No"),"") | S54: =IF(Q54=1,IF(P54<O54,"Más estricto",IF(P54>O54,"Más permisivo","Igual")),"") | T54: =IF(Q54=1,IF(ABS(O54-P54)=2,1,0),"") | U54: =IF(H54="","","|"&SUBSTITUTE(SUBSTITUTE(TRIM(H54)," |","|"),"| ","|")&"|") | V54: =IF(AND(Q54=1,B54<>""),IF(IFERROR(COUNTIFS(B$3:B54,"="&SUBSTITUTE(SUBSTITUTE(SUBSTITUTE(B54,"~","~~"),"*","~*"),"?","~?"),Q$3:Q54,1),0)=1,MAX(V$2:V53)+1,""),"") | W54: =IF(V54="","",COUNTIFS($B$3:$B$1002,"="&SUBSTITUTE(SUBSTITUTE(SUBSTITUTE(B54,"~","~~"),"*","~*"),"?","~?"),$Q$3:$Q$1002,1)*10000-V54) | X54: =IF(Q54=1,IF(SUBSTITUTE(SUBSTITUTE(SUBSTITUTE(SUBSTITUTE(SUBSTITUTE(SUBSTITUTE(SUBSTITUTE(SUBSTITUTE(SUBSTITUTE(SUBSTITUTE(SUBSTITUTE(SUBSTITUTE(LOWER(TRIM(A54)),"á","a"),"é","e"),"í","i"),"ó","o"),"ú","u"),"ü","u"),"ñ","n"),"à","a"),"è","e"),"ì","i"),"ò","o"),"ù","u")="","(sin apodo)",SUBSTITUTE(SUBSTITUTE(SUBSTITUTE(SUBSTITUTE(SUBSTITUTE(SUBSTITUTE(SUBSTITUTE(SUBSTITUTE(SUBSTITUTE(SUBSTITUTE(SUBSTITUTE(SUBSTITUTE(LOWER(TRIM(A54)),"á","a"),"é","e"),"í","i"),"ó","o"),"ú","u"),"ü","u"),"ñ","n"),"à","a"),"è","e"),"ì","i"),"ò","o"),"ù","u")),"") | Y54: =IF(X54="","",IF(IFERROR(COUNTIF(X$3:X54,"="&SUBSTITUTE(SUBSTITUTE(SUBSTITUTE(X54,"~","~~"),"*","~*"),"?","~?")),0)=1,1,"")) | Z54: =IF(T54=1,MAX(Z$2:Z53)+1,"")
A55: =IF(A$2=0,"",IFERROR(TRIM(INDEX('Pegar calibracion'!$A$1:$BZ$1001,54,A$2)&""),"")) | B55: =IF(B$2=0,"",IFERROR(TRIM(INDEX('Pegar calibracion'!$A$1:$BZ$1001,54,B$2)&""),"")) | C55: =IF(C$2=0,"",IFERROR(TRIM(INDEX('Pegar calibracion'!$A$1:$BZ$1001,54,C$2)&""),"")) | D55: =IF(D$2=0,"",IFERROR(TRIM(INDEX('Pegar calibracion'!$A$1:$BZ$1001,54,D$2)&""),"")) | E55: =IF(E$2=0,"",IFERROR(TRIM(INDEX('Pegar calibracion'!$A$1:$BZ$1001,54,E$2)&""),"")) | F55: =IF(F$2=0,"",IFERROR(TRIM(INDEX('Pegar calibracion'!$A$1:$BZ$1001,54,F$2)&""),"")) | G55: =IF(G$2=0,"",IFERROR(TRIM(INDEX('Pegar calibracion'!$A$1:$BZ$1001,54,G$2)&""),"")) | H55: =IF(H$2=0,"",IFERROR(TRIM(INDEX('Pegar calibracion'!$A$1:$BZ$1001,54,H$2)&""),"")) | ... L55: =IF(L$2=0,"",IFERROR(TRIM(INDEX('Pegar calibracion'!$A$1:$BZ$1001,54,L$2)&""),"")) | M55: =IF(D55="","",SUBSTITUTE(SUBSTITUTE(SUBSTITUTE(SUBSTITUTE(SUBSTITUTE(SUBSTITUTE(SUBSTITUTE(SUBSTITUTE(SUBSTITUTE(SUBSTITUTE(SUBSTITUTE(SUBSTITUTE(LOWER(TRIM(D55)),"á","a"),"é","e"),"í","i"),"ó","o"),"ú","u"),"ü","u"),"ñ","n"),"à","a"),"è","e"),"ì","i"),"ò","o"),"ù","u")) | N55: =IF(F55="","",SUBSTITUTE(SUBSTITUTE(SUBSTITUTE(SUBSTITUTE(SUBSTITUTE(SUBSTITUTE(SUBSTITUTE(SUBSTITUTE(SUBSTITUTE(SUBSTITUTE(SUBSTITUTE(SUBSTITUTE(LOWER(TRIM(F55)),"á","a"),"é","e"),"í","i"),"ó","o"),"ú","u"),"ü","u"),"ñ","n"),"à","a"),"è","e"),"ì","i"),"ò","o"),"ù","u")) | O55: =IF(M55="confiable",2,IF(M55="dudosa",1,IF(M55="no confiable",0,""))) | P55: =IF(N55="confiable",2,IF(N55="dudosa",1,IF(N55="no confiable",0,""))) | Q55: =IF(AND(ISNUMBER(O55),ISNUMBER(P55)),1,"") | R55: =IF(Q55=1,IF(O55=P55,"Sí","No"),"") | S55: =IF(Q55=1,IF(P55<O55,"Más estricto",IF(P55>O55,"Más permisivo","Igual")),"") | T55: =IF(Q55=1,IF(ABS(O55-P55)=2,1,0),"") | U55: =IF(H55="","","|"&SUBSTITUTE(SUBSTITUTE(TRIM(H55)," |","|"),"| ","|")&"|") | V55: =IF(AND(Q55=1,B55<>""),IF(IFERROR(COUNTIFS(B$3:B55,"="&SUBSTITUTE(SUBSTITUTE(SUBSTITUTE(B55,"~","~~"),"*","~*"),"?","~?"),Q$3:Q55,1),0)=1,MAX(V$2:V54)+1,""),"") | W55: =IF(V55="","",COUNTIFS($B$3:$B$1002,"="&SUBSTITUTE(SUBSTITUTE(SUBSTITUTE(B55,"~","~~"),"*","~*"),"?","~?"),$Q$3:$Q$1002,1)*10000-V55) | X55: =IF(Q55=1,IF(SUBSTITUTE(SUBSTITUTE(SUBSTITUTE(SUBSTITUTE(SUBSTITUTE(SUBSTITUTE(SUBSTITUTE(SUBSTITUTE(SUBSTITUTE(SUBSTITUTE(SUBSTITUTE(SUBSTITUTE(LOWER(TRIM(A55)),"á","a"),"é","e"),"í","i"),"ó","o"),"ú","u"),"ü","u"),"ñ","n"),"à","a"),"è","e"),"ì","i"),"ò","o"),"ù","u")="","(sin apodo)",SUBSTITUTE(SUBSTITUTE(SUBSTITUTE(SUBSTITUTE(SUBSTITUTE(SUBSTITUTE(SUBSTITUTE(SUBSTITUTE(SUBSTITUTE(SUBSTITUTE(SUBSTITUTE(SUBSTITUTE(LOWER(TRIM(A55)),"á","a"),"é","e"),"í","i"),"ó","o"),"ú","u"),"ü","u"),"ñ","n"),"à","a"),"è","e"),"ì","i"),"ò","o"),"ù","u")),"") | Y55: =IF(X55="","",IF(IFERROR(COUNTIF(X$3:X55,"="&SUBSTITUTE(SUBSTITUTE(SUBSTITUTE(X55,"~","~~"),"*","~*"),"?","~?")),0)=1,1,"")) | Z55: =IF(T55=1,MAX(Z$2:Z54)+1,"")
A56: =IF(A$2=0,"",IFERROR(TRIM(INDEX('Pegar calibracion'!$A$1:$BZ$1001,55,A$2)&""),"")) | B56: =IF(B$2=0,"",IFERROR(TRIM(INDEX('Pegar calibracion'!$A$1:$BZ$1001,55,B$2)&""),"")) | C56: =IF(C$2=0,"",IFERROR(TRIM(INDEX('Pegar calibracion'!$A$1:$BZ$1001,55,C$2)&""),"")) | D56: =IF(D$2=0,"",IFERROR(TRIM(INDEX('Pegar calibracion'!$A$1:$BZ$1001,55,D$2)&""),"")) | E56: =IF(E$2=0,"",IFERROR(TRIM(INDEX('Pegar calibracion'!$A$1:$BZ$1001,55,E$2)&""),"")) | F56: =IF(F$2=0,"",IFERROR(TRIM(INDEX('Pegar calibracion'!$A$1:$BZ$1001,55,F$2)&""),"")) | G56: =IF(G$2=0,"",IFERROR(TRIM(INDEX('Pegar calibracion'!$A$1:$BZ$1001,55,G$2)&""),"")) | H56: =IF(H$2=0,"",IFERROR(TRIM(INDEX('Pegar calibracion'!$A$1:$BZ$1001,55,H$2)&""),"")) | ... L56: =IF(L$2=0,"",IFERROR(TRIM(INDEX('Pegar calibracion'!$A$1:$BZ$1001,55,L$2)&""),"")) | M56: =IF(D56="","",SUBSTITUTE(SUBSTITUTE(SUBSTITUTE(SUBSTITUTE(SUBSTITUTE(SUBSTITUTE(SUBSTITUTE(SUBSTITUTE(SUBSTITUTE(SUBSTITUTE(SUBSTITUTE(SUBSTITUTE(LOWER(TRIM(D56)),"á","a"),"é","e"),"í","i"),"ó","o"),"ú","u"),"ü","u"),"ñ","n"),"à","a"),"è","e"),"ì","i"),"ò","o"),"ù","u")) | N56: =IF(F56="","",SUBSTITUTE(SUBSTITUTE(SUBSTITUTE(SUBSTITUTE(SUBSTITUTE(SUBSTITUTE(SUBSTITUTE(SUBSTITUTE(SUBSTITUTE(SUBSTITUTE(SUBSTITUTE(SUBSTITUTE(LOWER(TRIM(F56)),"á","a"),"é","e"),"í","i"),"ó","o"),"ú","u"),"ü","u"),"ñ","n"),"à","a"),"è","e"),"ì","i"),"ò","o"),"ù","u")) | O56: =IF(M56="confiable",2,IF(M56="dudosa",1,IF(M56="no confiable",0,""))) | P56: =IF(N56="confiable",2,IF(N56="dudosa",1,IF(N56="no confiable",0,""))) | Q56: =IF(AND(ISNUMBER(O56),ISNUMBER(P56)),1,"") | R56: =IF(Q56=1,IF(O56=P56,"Sí","No"),"") | S56: =IF(Q56=1,IF(P56<O56,"Más estricto",IF(P56>O56,"Más permisivo","Igual")),"") | T56: =IF(Q56=1,IF(ABS(O56-P56)=2,1,0),"") | U56: =IF(H56="","","|"&SUBSTITUTE(SUBSTITUTE(TRIM(H56)," |","|"),"| ","|")&"|") | V56: =IF(AND(Q56=1,B56<>""),IF(IFERROR(COUNTIFS(B$3:B56,"="&SUBSTITUTE(SUBSTITUTE(SUBSTITUTE(B56,"~","~~"),"*","~*"),"?","~?"),Q$3:Q56,1),0)=1,MAX(V$2:V55)+1,""),"") | W56: =IF(V56="","",COUNTIFS($B$3:$B$1002,"="&SUBSTITUTE(SUBSTITUTE(SUBSTITUTE(B56,"~","~~"),"*","~*"),"?","~?"),$Q$3:$Q$1002,1)*10000-V56) | X56: =IF(Q56=1,IF(SUBSTITUTE(SUBSTITUTE(SUBSTITUTE(SUBSTITUTE(SUBSTITUTE(SUBSTITUTE(SUBSTITUTE(SUBSTITUTE(SUBSTITUTE(SUBSTITUTE(SUBSTITUTE(SUBSTITUTE(LOWER(TRIM(A56)),"á","a"),"é","e"),"í","i"),"ó","o"),"ú","u"),"ü","u"),"ñ","n"),"à","a"),"è","e"),"ì","i"),"ò","o"),"ù","u")="","(sin apodo)",SUBSTITUTE(SUBSTITUTE(SUBSTITUTE(SUBSTITUTE(SUBSTITUTE(SUBSTITUTE(SUBSTITUTE(SUBSTITUTE(SUBSTITUTE(SUBSTITUTE(SUBSTITUTE(SUBSTITUTE(LOWER(TRIM(A56)),"á","a"),"é","e"),"í","i"),"ó","o"),"ú","u"),"ü","u"),"ñ","n"),"à","a"),"è","e"),"ì","i"),"ò","o"),"ù","u")),"") | Y56: =IF(X56="","",IF(IFERROR(COUNTIF(X$3:X56,"="&SUBSTITUTE(SUBSTITUTE(SUBSTITUTE(X56,"~","~~"),"*","~*"),"?","~?")),0)=1,1,"")) | Z56: =IF(T56=1,MAX(Z$2:Z55)+1,"")
A57: =IF(A$2=0,"",IFERROR(TRIM(INDEX('Pegar calibracion'!$A$1:$BZ$1001,56,A$2)&""),"")) | B57: =IF(B$2=0,"",IFERROR(TRIM(INDEX('Pegar calibracion'!$A$1:$BZ$1001,56,B$2)&""),"")) | C57: =IF(C$2=0,"",IFERROR(TRIM(INDEX('Pegar calibracion'!$A$1:$BZ$1001,56,C$2)&""),"")) | D57: =IF(D$2=0,"",IFERROR(TRIM(INDEX('Pegar calibracion'!$A$1:$BZ$1001,56,D$2)&""),"")) | E57: =IF(E$2=0,"",IFERROR(TRIM(INDEX('Pegar calibracion'!$A$1:$BZ$1001,56,E$2)&""),"")) | F57: =IF(F$2=0,"",IFERROR(TRIM(INDEX('Pegar calibracion'!$A$1:$BZ$1001,56,F$2)&""),"")) | G57: =IF(G$2=0,"",IFERROR(TRIM(INDEX('Pegar calibracion'!$A$1:$BZ$1001,56,G$2)&""),"")) | H57: =IF(H$2=0,"",IFERROR(TRIM(INDEX('Pegar calibracion'!$A$1:$BZ$1001,56,H$2)&""),"")) | ... L57: =IF(L$2=0,"",IFERROR(TRIM(INDEX('Pegar calibracion'!$A$1:$BZ$1001,56,L$2)&""),"")) | M57: =IF(D57="","",SUBSTITUTE(SUBSTITUTE(SUBSTITUTE(SUBSTITUTE(SUBSTITUTE(SUBSTITUTE(SUBSTITUTE(SUBSTITUTE(SUBSTITUTE(SUBSTITUTE(SUBSTITUTE(SUBSTITUTE(LOWER(TRIM(D57)),"á","a"),"é","e"),"í","i"),"ó","o"),"ú","u"),"ü","u"),"ñ","n"),"à","a"),"è","e"),"ì","i"),"ò","o"),"ù","u")) | N57: =IF(F57="","",SUBSTITUTE(SUBSTITUTE(SUBSTITUTE(SUBSTITUTE(SUBSTITUTE(SUBSTITUTE(SUBSTITUTE(SUBSTITUTE(SUBSTITUTE(SUBSTITUTE(SUBSTITUTE(SUBSTITUTE(LOWER(TRIM(F57)),"á","a"),"é","e"),"í","i"),"ó","o"),"ú","u"),"ü","u"),"ñ","n"),"à","a"),"è","e"),"ì","i"),"ò","o"),"ù","u")) | O57: =IF(M57="confiable",2,IF(M57="dudosa",1,IF(M57="no confiable",0,""))) | P57: =IF(N57="confiable",2,IF(N57="dudosa",1,IF(N57="no confiable",0,""))) | Q57: =IF(AND(ISNUMBER(O57),ISNUMBER(P57)),1,"") | R57: =IF(Q57=1,IF(O57=P57,"Sí","No"),"") | S57: =IF(Q57=1,IF(P57<O57,"Más estricto",IF(P57>O57,"Más permisivo","Igual")),"") | T57: =IF(Q57=1,IF(ABS(O57-P57)=2,1,0),"") | U57: =IF(H57="","","|"&SUBSTITUTE(SUBSTITUTE(TRIM(H57)," |","|"),"| ","|")&"|") | V57: =IF(AND(Q57=1,B57<>""),IF(IFERROR(COUNTIFS(B$3:B57,"="&SUBSTITUTE(SUBSTITUTE(SUBSTITUTE(B57,"~","~~"),"*","~*"),"?","~?"),Q$3:Q57,1),0)=1,MAX(V$2:V56)+1,""),"") | W57: =IF(V57="","",COUNTIFS($B$3:$B$1002,"="&SUBSTITUTE(SUBSTITUTE(SUBSTITUTE(B57,"~","~~"),"*","~*"),"?","~?"),$Q$3:$Q$1002,1)*10000-V57) | X57: =IF(Q57=1,IF(SUBSTITUTE(SUBSTITUTE(SUBSTITUTE(SUBSTITUTE(SUBSTITUTE(SUBSTITUTE(SUBSTITUTE(SUBSTITUTE(SUBSTITUTE(SUBSTITUTE(SUBSTITUTE(SUBSTITUTE(LOWER(TRIM(A57)),"á","a"),"é","e"),"í","i"),"ó","o"),"ú","u"),"ü","u"),"ñ","n"),"à","a"),"è","e"),"ì","i"),"ò","o"),"ù","u")="","(sin apodo)",SUBSTITUTE(SUBSTITUTE(SUBSTITUTE(SUBSTITUTE(SUBSTITUTE(SUBSTITUTE(SUBSTITUTE(SUBSTITUTE(SUBSTITUTE(SUBSTITUTE(SUBSTITUTE(SUBSTITUTE(LOWER(TRIM(A57)),"á","a"),"é","e"),"í","i"),"ó","o"),"ú","u"),"ü","u"),"ñ","n"),"à","a"),"è","e"),"ì","i"),"ò","o"),"ù","u")),"") | Y57: =IF(X57="","",IF(IFERROR(COUNTIF(X$3:X57,"="&SUBSTITUTE(SUBSTITUTE(SUBSTITUTE(X57,"~","~~"),"*","~*"),"?","~?")),0)=1,1,"")) | Z57: =IF(T57=1,MAX(Z$2:Z56)+1,"")
A58: =IF(A$2=0,"",IFERROR(TRIM(INDEX('Pegar calibracion'!$A$1:$BZ$1001,57,A$2)&""),"")) | B58: =IF(B$2=0,"",IFERROR(TRIM(INDEX('Pegar calibracion'!$A$1:$BZ$1001,57,B$2)&""),"")) | C58: =IF(C$2=0,"",IFERROR(TRIM(INDEX('Pegar calibracion'!$A$1:$BZ$1001,57,C$2)&""),"")) | D58: =IF(D$2=0,"",IFERROR(TRIM(INDEX('Pegar calibracion'!$A$1:$BZ$1001,57,D$2)&""),"")) | E58: =IF(E$2=0,"",IFERROR(TRIM(INDEX('Pegar calibracion'!$A$1:$BZ$1001,57,E$2)&""),"")) | F58: =IF(F$2=0,"",IFERROR(TRIM(INDEX('Pegar calibracion'!$A$1:$BZ$1001,57,F$2)&""),"")) | G58: =IF(G$2=0,"",IFERROR(TRIM(INDEX('Pegar calibracion'!$A$1:$BZ$1001,57,G$2)&""),"")) | H58: =IF(H$2=0,"",IFERROR(TRIM(INDEX('Pegar calibracion'!$A$1:$BZ$1001,57,H$2)&""),"")) | ... L58: =IF(L$2=0,"",IFERROR(TRIM(INDEX('Pegar calibracion'!$A$1:$BZ$1001,57,L$2)&""),"")) | M58: =IF(D58="","",SUBSTITUTE(SUBSTITUTE(SUBSTITUTE(SUBSTITUTE(SUBSTITUTE(SUBSTITUTE(SUBSTITUTE(SUBSTITUTE(SUBSTITUTE(SUBSTITUTE(SUBSTITUTE(SUBSTITUTE(LOWER(TRIM(D58)),"á","a"),"é","e"),"í","i"),"ó","o"),"ú","u"),"ü","u"),"ñ","n"),"à","a"),"è","e"),"ì","i"),"ò","o"),"ù","u")) | N58: =IF(F58="","",SUBSTITUTE(SUBSTITUTE(SUBSTITUTE(SUBSTITUTE(SUBSTITUTE(SUBSTITUTE(SUBSTITUTE(SUBSTITUTE(SUBSTITUTE(SUBSTITUTE(SUBSTITUTE(SUBSTITUTE(LOWER(TRIM(F58)),"á","a"),"é","e"),"í","i"),"ó","o"),"ú","u"),"ü","u"),"ñ","n"),"à","a"),"è","e"),"ì","i"),"ò","o"),"ù","u")) | O58: =IF(M58="confiable",2,IF(M58="dudosa",1,IF(M58="no confiable",0,""))) | P58: =IF(N58="confiable",2,IF(N58="dudosa",1,IF(N58="no confiable",0,""))) | Q58: =IF(AND(ISNUMBER(O58),ISNUMBER(P58)),1,"") | R58: =IF(Q58=1,IF(O58=P58,"Sí","No"),"") | S58: =IF(Q58=1,IF(P58<O58,"Más estricto",IF(P58>O58,"Más permisivo","Igual")),"") | T58: =IF(Q58=1,IF(ABS(O58-P58)=2,1,0),"") | U58: =IF(H58="","","|"&SUBSTITUTE(SUBSTITUTE(TRIM(H58)," |","|"),"| ","|")&"|") | V58: =IF(AND(Q58=1,B58<>""),IF(IFERROR(COUNTIFS(B$3:B58,"="&SUBSTITUTE(SUBSTITUTE(SUBSTITUTE(B58,"~","~~"),"*","~*"),"?","~?"),Q$3:Q58,1),0)=1,MAX(V$2:V57)+1,""),"") | W58: =IF(V58="","",COUNTIFS($B$3:$B$1002,"="&SUBSTITUTE(SUBSTITUTE(SUBSTITUTE(B58,"~","~~"),"*","~*"),"?","~?"),$Q$3:$Q$1002,1)*10000-V58) | X58: =IF(Q58=1,IF(SUBSTITUTE(SUBSTITUTE(SUBSTITUTE(SUBSTITUTE(SUBSTITUTE(SUBSTITUTE(SUBSTITUTE(SUBSTITUTE(SUBSTITUTE(SUBSTITUTE(SUBSTITUTE(SUBSTITUTE(LOWER(TRIM(A58)),"á","a"),"é","e"),"í","i"),"ó","o"),"ú","u"),"ü","u"),"ñ","n"),"à","a"),"è","e"),"ì","i"),"ò","o"),"ù","u")="","(sin apodo)",SUBSTITUTE(SUBSTITUTE(SUBSTITUTE(SUBSTITUTE(SUBSTITUTE(SUBSTITUTE(SUBSTITUTE(SUBSTITUTE(SUBSTITUTE(SUBSTITUTE(SUBSTITUTE(SUBSTITUTE(LOWER(TRIM(A58)),"á","a"),"é","e"),"í","i"),"ó","o"),"ú","u"),"ü","u"),"ñ","n"),"à","a"),"è","e"),"ì","i"),"ò","o"),"ù","u")),"") | Y58: =IF(X58="","",IF(IFERROR(COUNTIF(X$3:X58,"="&SUBSTITUTE(SUBSTITUTE(SUBSTITUTE(X58,"~","~~"),"*","~*"),"?","~?")),0)=1,1,"")) | Z58: =IF(T58=1,MAX(Z$2:Z57)+1,"")
A59: =IF(A$2=0,"",IFERROR(TRIM(INDEX('Pegar calibracion'!$A$1:$BZ$1001,58,A$2)&""),"")) | B59: =IF(B$2=0,"",IFERROR(TRIM(INDEX('Pegar calibracion'!$A$1:$BZ$1001,58,B$2)&""),"")) | C59: =IF(C$2=0,"",IFERROR(TRIM(INDEX('Pegar calibracion'!$A$1:$BZ$1001,58,C$2)&""),"")) | D59: =IF(D$2=0,"",IFERROR(TRIM(INDEX('Pegar calibracion'!$A$1:$BZ$1001,58,D$2)&""),"")) | E59: =IF(E$2=0,"",IFERROR(TRIM(INDEX('Pegar calibracion'!$A$1:$BZ$1001,58,E$2)&""),"")) | F59: =IF(F$2=0,"",IFERROR(TRIM(INDEX('Pegar calibracion'!$A$1:$BZ$1001,58,F$2)&""),"")) | G59: =IF(G$2=0,"",IFERROR(TRIM(INDEX('Pegar calibracion'!$A$1:$BZ$1001,58,G$2)&""),"")) | H59: =IF(H$2=0,"",IFERROR(TRIM(INDEX('Pegar calibracion'!$A$1:$BZ$1001,58,H$2)&""),"")) | ... L59: =IF(L$2=0,"",IFERROR(TRIM(INDEX('Pegar calibracion'!$A$1:$BZ$1001,58,L$2)&""),"")) | M59: =IF(D59="","",SUBSTITUTE(SUBSTITUTE(SUBSTITUTE(SUBSTITUTE(SUBSTITUTE(SUBSTITUTE(SUBSTITUTE(SUBSTITUTE(SUBSTITUTE(SUBSTITUTE(SUBSTITUTE(SUBSTITUTE(LOWER(TRIM(D59)),"á","a"),"é","e"),"í","i"),"ó","o"),"ú","u"),"ü","u"),"ñ","n"),"à","a"),"è","e"),"ì","i"),"ò","o"),"ù","u")) | N59: =IF(F59="","",SUBSTITUTE(SUBSTITUTE(SUBSTITUTE(SUBSTITUTE(SUBSTITUTE(SUBSTITUTE(SUBSTITUTE(SUBSTITUTE(SUBSTITUTE(SUBSTITUTE(SUBSTITUTE(SUBSTITUTE(LOWER(TRIM(F59)),"á","a"),"é","e"),"í","i"),"ó","o"),"ú","u"),"ü","u"),"ñ","n"),"à","a"),"è","e"),"ì","i"),"ò","o"),"ù","u")) | O59: =IF(M59="confiable",2,IF(M59="dudosa",1,IF(M59="no confiable",0,""))) | P59: =IF(N59="confiable",2,IF(N59="dudosa",1,IF(N59="no confiable",0,""))) | Q59: =IF(AND(ISNUMBER(O59),ISNUMBER(P59)),1,"") | R59: =IF(Q59=1,IF(O59=P59,"Sí","No"),"") | S59: =IF(Q59=1,IF(P59<O59,"Más estricto",IF(P59>O59,"Más permisivo","Igual")),"") | T59: =IF(Q59=1,IF(ABS(O59-P59)=2,1,0),"") | U59: =IF(H59="","","|"&SUBSTITUTE(SUBSTITUTE(TRIM(H59)," |","|"),"| ","|")&"|") | V59: =IF(AND(Q59=1,B59<>""),IF(IFERROR(COUNTIFS(B$3:B59,"="&SUBSTITUTE(SUBSTITUTE(SUBSTITUTE(B59,"~","~~"),"*","~*"),"?","~?"),Q$3:Q59,1),0)=1,MAX(V$2:V58)+1,""),"") | W59: =IF(V59="","",COUNTIFS($B$3:$B$1002,"="&SUBSTITUTE(SUBSTITUTE(SUBSTITUTE(B59,"~","~~"),"*","~*"),"?","~?"),$Q$3:$Q$1002,1)*10000-V59) | X59: =IF(Q59=1,IF(SUBSTITUTE(SUBSTITUTE(SUBSTITUTE(SUBSTITUTE(SUBSTITUTE(SUBSTITUTE(SUBSTITUTE(SUBSTITUTE(SUBSTITUTE(SUBSTITUTE(SUBSTITUTE(SUBSTITUTE(LOWER(TRIM(A59)),"á","a"),"é","e"),"í","i"),"ó","o"),"ú","u"),"ü","u"),"ñ","n"),"à","a"),"è","e"),"ì","i"),"ò","o"),"ù","u")="","(sin apodo)",SUBSTITUTE(SUBSTITUTE(SUBSTITUTE(SUBSTITUTE(SUBSTITUTE(SUBSTITUTE(SUBSTITUTE(SUBSTITUTE(SUBSTITUTE(SUBSTITUTE(SUBSTITUTE(SUBSTITUTE(LOWER(TRIM(A59)),"á","a"),"é","e"),"í","i"),"ó","o"),"ú","u"),"ü","u"),"ñ","n"),"à","a"),"è","e"),"ì","i"),"ò","o"),"ù","u")),"") | Y59: =IF(X59="","",IF(IFERROR(COUNTIF(X$3:X59,"="&SUBSTITUTE(SUBSTITUTE(SUBSTITUTE(X59,"~","~~"),"*","~*"),"?","~?")),0)=1,1,"")) | Z59: =IF(T59=1,MAX(Z$2:Z58)+1,"")
A60: =IF(A$2=0,"",IFERROR(TRIM(INDEX('Pegar calibracion'!$A$1:$BZ$1001,59,A$2)&""),"")) | B60: =IF(B$2=0,"",IFERROR(TRIM(INDEX('Pegar calibracion'!$A$1:$BZ$1001,59,B$2)&""),"")) | C60: =IF(C$2=0,"",IFERROR(TRIM(INDEX('Pegar calibracion'!$A$1:$BZ$1001,59,C$2)&""),"")) | D60: =IF(D$2=0,"",IFERROR(TRIM(INDEX('Pegar calibracion'!$A$1:$BZ$1001,59,D$2)&""),"")) | E60: =IF(E$2=0,"",IFERROR(TRIM(INDEX('Pegar calibracion'!$A$1:$BZ$1001,59,E$2)&""),"")) | F60: =IF(F$2=0,"",IFERROR(TRIM(INDEX('Pegar calibracion'!$A$1:$BZ$1001,59,F$2)&""),"")) | G60: =IF(G$2=0,"",IFERROR(TRIM(INDEX('Pegar calibracion'!$A$1:$BZ$1001,59,G$2)&""),"")) | H60: =IF(H$2=0,"",IFERROR(TRIM(INDEX('Pegar calibracion'!$A$1:$BZ$1001,59,H$2)&""),"")) | ... L60: =IF(L$2=0,"",IFERROR(TRIM(INDEX('Pegar calibracion'!$A$1:$BZ$1001,59,L$2)&""),"")) | M60: =IF(D60="","",SUBSTITUTE(SUBSTITUTE(SUBSTITUTE(SUBSTITUTE(SUBSTITUTE(SUBSTITUTE(SUBSTITUTE(SUBSTITUTE(SUBSTITUTE(SUBSTITUTE(SUBSTITUTE(SUBSTITUTE(LOWER(TRIM(D60)),"á","a"),"é","e"),"í","i"),"ó","o"),"ú","u"),"ü","u"),"ñ","n"),"à","a"),"è","e"),"ì","i"),"ò","o"),"ù","u")) | N60: =IF(F60="","",SUBSTITUTE(SUBSTITUTE(SUBSTITUTE(SUBSTITUTE(SUBSTITUTE(SUBSTITUTE(SUBSTITUTE(SUBSTITUTE(SUBSTITUTE(SUBSTITUTE(SUBSTITUTE(SUBSTITUTE(LOWER(TRIM(F60)),"á","a"),"é","e"),"í","i"),"ó","o"),"ú","u"),"ü","u"),"ñ","n"),"à","a"),"è","e"),"ì","i"),"ò","o"),"ù","u")) | O60: =IF(M60="confiable",2,IF(M60="dudosa",1,IF(M60="no confiable",0,""))) | P60: =IF(N60="confiable",2,IF(N60="dudosa",1,IF(N60="no confiable",0,""))) | Q60: =IF(AND(ISNUMBER(O60),ISNUMBER(P60)),1,"") | R60: =IF(Q60=1,IF(O60=P60,"Sí","No"),"") | S60: =IF(Q60=1,IF(P60<O60,"Más estricto",IF(P60>O60,"Más permisivo","Igual")),"") | T60: =IF(Q60=1,IF(ABS(O60-P60)=2,1,0),"") | U60: =IF(H60="","","|"&SUBSTITUTE(SUBSTITUTE(TRIM(H60)," |","|"),"| ","|")&"|") | V60: =IF(AND(Q60=1,B60<>""),IF(IFERROR(COUNTIFS(B$3:B60,"="&SUBSTITUTE(SUBSTITUTE(SUBSTITUTE(B60,"~","~~"),"*","~*"),"?","~?"),Q$3:Q60,1),0)=1,MAX(V$2:V59)+1,""),"") | W60: =IF(V60="","",COUNTIFS($B$3:$B$1002,"="&SUBSTITUTE(SUBSTITUTE(SUBSTITUTE(B60,"~","~~"),"*","~*"),"?","~?"),$Q$3:$Q$1002,1)*10000-V60) | X60: =IF(Q60=1,IF(SUBSTITUTE(SUBSTITUTE(SUBSTITUTE(SUBSTITUTE(SUBSTITUTE(SUBSTITUTE(SUBSTITUTE(SUBSTITUTE(SUBSTITUTE(SUBSTITUTE(SUBSTITUTE(SUBSTITUTE(LOWER(TRIM(A60)),"á","a"),"é","e"),"í","i"),"ó","o"),"ú","u"),"ü","u"),"ñ","n"),"à","a"),"è","e"),"ì","i"),"ò","o"),"ù","u")="","(sin apodo)",SUBSTITUTE(SUBSTITUTE(SUBSTITUTE(SUBSTITUTE(SUBSTITUTE(SUBSTITUTE(SUBSTITUTE(SUBSTITUTE(SUBSTITUTE(SUBSTITUTE(SUBSTITUTE(SUBSTITUTE(LOWER(TRIM(A60)),"á","a"),"é","e"),"í","i"),"ó","o"),"ú","u"),"ü","u"),"ñ","n"),"à","a"),"è","e"),"ì","i"),"ò","o"),"ù","u")),"") | Y60: =IF(X60="","",IF(IFERROR(COUNTIF(X$3:X60,"="&SUBSTITUTE(SUBSTITUTE(SUBSTITUTE(X60,"~","~~"),"*","~*"),"?","~?")),0)=1,1,"")) | Z60: =IF(T60=1,MAX(Z$2:Z59)+1,"")
A61: =IF(A$2=0,"",IFERROR(TRIM(INDEX('Pegar calibracion'!$A$1:$BZ$1001,60,A$2)&""),"")) | B61: =IF(B$2=0,"",IFERROR(TRIM(INDEX('Pegar calibracion'!$A$1:$BZ$1001,60,B$2)&""),"")) | C61: =IF(C$2=0,"",IFERROR(TRIM(INDEX('Pegar calibracion'!$A$1:$BZ$1001,60,C$2)&""),"")) | D61: =IF(D$2=0,"",IFERROR(TRIM(INDEX('Pegar calibracion'!$A$1:$BZ$1001,60,D$2)&""),"")) | E61: =IF(E$2=0,"",IFERROR(TRIM(INDEX('Pegar calibracion'!$A$1:$BZ$1001,60,E$2)&""),"")) | F61: =IF(F$2=0,"",IFERROR(TRIM(INDEX('Pegar calibracion'!$A$1:$BZ$1001,60,F$2)&""),"")) | G61: =IF(G$2=0,"",IFERROR(TRIM(INDEX('Pegar calibracion'!$A$1:$BZ$1001,60,G$2)&""),"")) | H61: =IF(H$2=0,"",IFERROR(TRIM(INDEX('Pegar calibracion'!$A$1:$BZ$1001,60,H$2)&""),"")) | ... L61: =IF(L$2=0,"",IFERROR(TRIM(INDEX('Pegar calibracion'!$A$1:$BZ$1001,60,L$2)&""),"")) | M61: =IF(D61="","",SUBSTITUTE(SUBSTITUTE(SUBSTITUTE(SUBSTITUTE(SUBSTITUTE(SUBSTITUTE(SUBSTITUTE(SUBSTITUTE(SUBSTITUTE(SUBSTITUTE(SUBSTITUTE(SUBSTITUTE(LOWER(TRIM(D61)),"á","a"),"é","e"),"í","i"),"ó","o"),"ú","u"),"ü","u"),"ñ","n"),"à","a"),"è","e"),"ì","i"),"ò","o"),"ù","u")) | N61: =IF(F61="","",SUBSTITUTE(SUBSTITUTE(SUBSTITUTE(SUBSTITUTE(SUBSTITUTE(SUBSTITUTE(SUBSTITUTE(SUBSTITUTE(SUBSTITUTE(SUBSTITUTE(SUBSTITUTE(SUBSTITUTE(LOWER(TRIM(F61)),"á","a"),"é","e"),"í","i"),"ó","o"),"ú","u"),"ü","u"),"ñ","n"),"à","a"),"è","e"),"ì","i"),"ò","o"),"ù","u")) | O61: =IF(M61="confiable",2,IF(M61="dudosa",1,IF(M61="no confiable",0,""))) | P61: =IF(N61="confiable",2,IF(N61="dudosa",1,IF(N61="no confiable",0,""))) | Q61: =IF(AND(ISNUMBER(O61),ISNUMBER(P61)),1,"") | R61: =IF(Q61=1,IF(O61=P61,"Sí","No"),"") | S61: =IF(Q61=1,IF(P61<O61,"Más estricto",IF(P61>O61,"Más permisivo","Igual")),"") | T61: =IF(Q61=1,IF(ABS(O61-P61)=2,1,0),"") | U61: =IF(H61="","","|"&SUBSTITUTE(SUBSTITUTE(TRIM(H61)," |","|"),"| ","|")&"|") | V61: =IF(AND(Q61=1,B61<>""),IF(IFERROR(COUNTIFS(B$3:B61,"="&SUBSTITUTE(SUBSTITUTE(SUBSTITUTE(B61,"~","~~"),"*","~*"),"?","~?"),Q$3:Q61,1),0)=1,MAX(V$2:V60)+1,""),"") | W61: =IF(V61="","",COUNTIFS($B$3:$B$1002,"="&SUBSTITUTE(SUBSTITUTE(SUBSTITUTE(B61,"~","~~"),"*","~*"),"?","~?"),$Q$3:$Q$1002,1)*10000-V61) | X61: =IF(Q61=1,IF(SUBSTITUTE(SUBSTITUTE(SUBSTITUTE(SUBSTITUTE(SUBSTITUTE(SUBSTITUTE(SUBSTITUTE(SUBSTITUTE(SUBSTITUTE(SUBSTITUTE(SUBSTITUTE(SUBSTITUTE(LOWER(TRIM(A61)),"á","a"),"é","e"),"í","i"),"ó","o"),"ú","u"),"ü","u"),"ñ","n"),"à","a"),"è","e"),"ì","i"),"ò","o"),"ù","u")="","(sin apodo)",SUBSTITUTE(SUBSTITUTE(SUBSTITUTE(SUBSTITUTE(SUBSTITUTE(SUBSTITUTE(SUBSTITUTE(SUBSTITUTE(SUBSTITUTE(SUBSTITUTE(SUBSTITUTE(SUBSTITUTE(LOWER(TRIM(A61)),"á","a"),"é","e"),"í","i"),"ó","o"),"ú","u"),"ü","u"),"ñ","n"),"à","a"),"è","e"),"ì","i"),"ò","o"),"ù","u")),"") | Y61: =IF(X61="","",IF(IFERROR(COUNTIF(X$3:X61,"="&SUBSTITUTE(SUBSTITUTE(SUBSTITUTE(X61,"~","~~"),"*","~*"),"?","~?")),0)=1,1,"")) | Z61: =IF(T61=1,MAX(Z$2:Z60)+1,"")
